SEASON_ID,GAME_ID,GAME_DATE,MATCHUP,AWAY_TEAM_ID,AWAY_TEAM_ABBREVIATION,AWAY_TEAM_NAME,AWAY_MIN,AWAY_PTS,AWAY_FGM,AWAY_FGA,AWAY_FG_PCT,AWAY_FG3M,AWAY_FG3A,AWAY_FG3_PCT,AWAY_FTM,AWAY_FTA,AWAY_FT_PCT,AWAY_OREB,AWAY_DREB,AWAY_REB,AWAY_AST,AWAY_STL,AWAY_BLK,AWAY_TOV,AWAY_PF,AWAY_PLUS_MINUS,AWAY_WL,HOME_TEAM_ID,HOME_TEAM_ABBREVIATION,HOME_TEAM_NAME,HOME_MIN,HOME_PTS,HOME_FGM,HOME_FGA,HOME_FG_PCT,HOME_FG3M,HOME_FG3A,HOME_FG3_PCT,HOME_FTM,HOME_FTA,HOME_FT_PCT,HOME_OREB,HOME_DREB,HOME_REB,HOME_AST,HOME_STL,HOME_BLK,HOME_TOV,HOME_PF,HOME_PLUS_MINUS,HOME_WL,Season
22013,1021300204,2013-09-15,PHO @ LAS,1611661317,PHO,Phoenix Mercury,201,55,20,58,0.345,2,11,0.182,13,23,0.565,11,22,33,9,9,7,20,14,-34,L,1611661320,LAS,Los Angeles Sparks,199,89,36,76,0.474,3,6,0.5,14,19,0.737,15,23,38,18,9,2,11,18,34,W,2013
22013,1021300201,2013-09-15,IND @ CON,1611661325,IND,Indiana Fever,225,80,30,73,0.411,4,16,0.25,16,24,0.667,18,18,36,13,10,3,8,17,-2,L,1611661323,CON,Connecticut Sun,225,82,32,70,0.457,5,10,0.5,13,18,0.722,17,21,38,20,6,6,14,20,2,W,2013
22013,1021300203,2013-09-15,ATL @ SAN,1611661330,ATL,Atlanta Dream,200,68,25,68,0.368,8,17,0.471,10,16,0.625,11,26,37,19,3,1,14,16,-29,L,1611661319,SAN,San Antonio Silver Stars,201,97,38,78,0.487,6,21,0.286,15,18,0.833,12,26,38,23,11,2,6,9,29,W,2013
22013,1021300202,2013-09-15,NYL @ WAS,1611661313,NYL,New York Liberty,200,52,22,70,0.314,3,12,0.25,5,5,1,10,37,47,14,5,1,13,21,-18,L,1611661322,WAS,Washington Mystics,201,70,25,71,0.352,7,16,0.438,13,19,0.684,9,35,44,16,7,3,8,9,18,W,2013
22013,1021300200,2013-09-14,TUL @ SEA,1611661321,TUL,Tulsa Shock,200,73,24,65,0.369,6,25,0.24,19,19,1,9,18,27,12,8,1,15,21,-12,L,1611661328,SEA,Seattle Storm,199,85,29,57,0.509,7,20,0.35,20,22,0.909,9,26,35,18,7,4,15,17,12,W,2013
22013,1021300199,2013-09-14,CHI @ MIN,1611661329,CHI,Chicago Sky,199,66,27,72,0.375,3,18,0.167,9,11,0.818,4,22,26,17,7,7,5,10,-13,L,1611661324,MIN,Minnesota Lynx,201,79,33,66,0.5,5,10,0.5,8,9,0.889,8,36,44,24,0,4,14,17,13,W,2013
22013,1021300196,2013-09-13,CON @ WAS,1611661323,CON,Connecticut Sun,200,56,19,54,0.352,4,21,0.19,14,23,0.609,5,23,28,11,8,2,14,14,-26,L,1611661322,WAS,Washington Mystics,200,82,28,64,0.438,12,17,0.706,14,19,0.737,14,26,40,19,9,1,16,17,26,W,2013
22013,1021300197,2013-09-13,ATL @ CHI,1611661330,ATL,Atlanta Dream,199,82,30,74,0.405,6,12,0.5,16,20,0.8,12,24,36,12,6,3,7,26,-5,L,1611661329,CHI,Chicago Sky,201,87,28,61,0.459,6,12,0.5,25,30,0.833,9,28,37,15,5,8,12,17,5,W,2013
22013,1021300195,2013-09-13,NYL @ IND,1611661313,NYL,New York Liberty,201,63,23,53,0.434,3,14,0.214,14,17,0.824,5,29,34,18,5,3,19,22,-3,L,1611661325,IND,Indiana Fever,200,66,23,69,0.333,4,22,0.182,16,19,0.842,10,24,34,7,12,1,9,17,3,W,2013
22013,1021300198,2013-09-13,SAN @ PHO,1611661319,SAN,San Antonio Silver Stars,200,61,24,69,0.348,6,23,0.261,7,9,0.778,10,21,31,11,10,3,11,10,-21,L,1611661317,PHO,Phoenix Mercury,201,82,32,62,0.516,8,17,0.471,10,12,0.833,7,30,37,22,7,5,10,15,21,W,2013
22013,1021300194,2013-09-12,MIN @ LAS,1611661324,MIN,Minnesota Lynx,201,84,33,74,0.446,2,9,0.222,16,20,0.8,9,26,35,19,7,3,11,22,-1,L,1611661320,LAS,Los Angeles Sparks,200,85,30,67,0.448,3,3,1,22,31,0.71,14,28,42,18,8,4,13,17,1,W,2013
22013,1021300193,2013-09-12,SEA @ TUL,1611661328,SEA,Seattle Storm,199,76,27,62,0.435,8,21,0.381,14,15,0.933,7,27,34,15,5,4,11,14,9,W,1611661321,TUL,Tulsa Shock,201,67,25,64,0.391,8,24,0.333,9,10,0.9,9,23,32,15,7,4,11,15,-9,L,2013
22013,1021300192,2013-09-11,PHO @ CHI,1611661317,PHO,Phoenix Mercury,201,68,27,64,0.422,4,11,0.364,10,11,0.909,6,23,29,14,6,6,8,22,-2,L,1611661329,CHI,Chicago Sky,200,70,23,57,0.404,3,15,0.2,21,28,0.75,5,27,32,11,8,6,10,13,2,W,2013
22013,1021300191,2013-09-11,ATL @ CON,1611661330,ATL,Atlanta Dream,201,77,31,67,0.463,3,8,0.375,12,20,0.6,14,23,37,19,13,3,25,22,-1,L,1611661323,CON,Connecticut Sun,199,78,29,67,0.433,3,11,0.273,17,24,0.708,9,18,27,16,12,3,16,13,1,W,2013
22013,1021300189,2013-09-10,PHO @ NYL,1611661317,PHO,Phoenix Mercury,199,80,26,54,0.481,7,17,0.412,21,26,0.808,4,25,29,17,4,7,13,18,4,W,1611661313,NYL,New York Liberty,200,76,29,83,0.349,6,19,0.316,12,19,0.632,20,22,42,14,7,3,8,21,-4,L,2013
22013,1021300188,2013-09-10,WAS @ IND,1611661322,WAS,Washington Mystics,200,69,26,63,0.413,5,18,0.278,12,16,0.75,14,29,43,14,5,6,15,15,2,W,1611661325,IND,Indiana Fever,200,67,28,73,0.384,5,16,0.313,6,7,0.857,12,20,32,15,6,3,9,15,-2,L,2013
22013,1021300190,2013-09-10,MIN @ SEA,1611661324,MIN,Minnesota Lynx,202,73,26,59,0.441,3,8,0.375,18,21,0.857,12,24,36,14,12,3,15,13,13,W,1611661328,SEA,Seattle Storm,199,60,23,58,0.397,4,15,0.267,10,12,0.833,4,16,20,15,7,2,16,13,-13,L,2013
22013,1021300186,2013-09-08,CHI @ WAS,1611661329,CHI,Chicago Sky,201,93,30,62,0.484,9,16,0.563,24,28,0.857,15,22,37,18,6,7,11,17,14,W,1611661322,WAS,Washington Mystics,199,79,29,69,0.42,10,16,0.625,11,18,0.611,10,16,26,19,4,3,9,22,-14,L,2013
22013,1021300187,2013-09-08,TUL @ SAN,1611661321,TUL,Tulsa Shock,201,98,38,69,0.551,11,26,0.423,11,12,0.917,8,24,32,20,8,7,12,18,33,W,1611661319,SAN,San Antonio Silver Stars,200,65,24,62,0.387,5,18,0.278,12,21,0.571,10,21,31,14,8,1,14,13,-33,L,2013
22013,1021300185,2013-09-08,PHO @ ATL,1611661317,PHO,Phoenix Mercury,200,79,28,57,0.491,5,14,0.357,18,21,0.857,5,38,43,21,6,8,28,27,8,W,1611661330,ATL,Atlanta Dream,201,71,25,78,0.321,5,12,0.417,16,23,0.696,10,20,30,17,15,1,12,22,-8,L,2013
22013,1021300184,2013-09-07,MIN @ SEA,1611661324,MIN,Minnesota Lynx,201,75,31,67,0.463,3,9,0.333,10,11,0.909,10,30,40,19,7,2,11,20,15,W,1611661328,SEA,Seattle Storm,200,60,21,59,0.356,2,16,0.125,16,19,0.842,8,21,29,7,5,2,11,16,-15,L,2013
22013,1021300183,2013-09-07,CON @ IND,1611661323,CON,Connecticut Sun,199,60,24,64,0.375,2,16,0.125,10,14,0.714,12,22,34,8,7,1,17,16,-9,L,1611661325,IND,Indiana Fever,200,69,27,62,0.435,3,15,0.2,12,15,0.8,13,23,36,14,11,5,15,18,9,W,2013
22013,1021300178,2013-09-06,WAS @ CON,1611661322,WAS,Washington Mystics,201,70,22,63,0.349,5,16,0.313,21,22,0.955,13,21,34,9,12,1,18,16,-7,L,1611661323,CON,Connecticut Sun,200,77,31,62,0.5,7,16,0.438,8,11,0.727,5,16,21,19,7,2,18,16,7,W,2013
22013,1021300179,2013-09-06,ATL @ NYL,1611661330,ATL,Atlanta Dream,200,70,28,64,0.438,5,10,0.5,9,13,0.692,8,26,34,9,11,7,15,18,13,W,1611661313,NYL,New York Liberty,199,57,24,67,0.358,1,9,0.111,8,11,0.727,9,25,34,14,6,2,18,20,-13,L,2013
22013,1021300182,2013-09-06,SAN @ PHO,1611661319,SAN,San Antonio Silver Stars,199,80,25,66,0.379,8,18,0.444,22,28,0.786,8,25,33,12,12,4,12,23,-3,L,1611661317,PHO,Phoenix Mercury,200,83,29,67,0.433,3,10,0.3,22,29,0.759,11,32,43,19,7,5,16,22,3,W,2013
22013,1021300180,2013-09-06,LAS @ TUL,1611661320,LAS,Los Angeles Sparks,199,74,27,66,0.409,3,9,0.333,17,19,0.895,13,26,39,17,10,7,17,19,4,W,1611661321,TUL,Tulsa Shock,200,70,24,69,0.348,4,22,0.182,18,22,0.818,13,22,35,10,7,3,15,19,-4,L,2013
22013,1021300181,2013-09-06,IND @ CHI,1611661325,IND,Indiana Fever,200,82,26,68,0.382,8,21,0.381,22,26,0.846,14,23,37,19,6,4,8,18,5,W,1611661329,CHI,Chicago Sky,200,77,28,70,0.4,6,11,0.545,15,18,0.833,13,24,37,15,4,9,8,18,-5,L,2013
22013,1021300177,2013-09-04,LAS @ MIN,1611661320,LAS,Los Angeles Sparks,200,74,30,71,0.423,4,9,0.444,10,15,0.667,12,17,29,13,3,4,13,19,-9,L,1611661324,MIN,Minnesota Lynx,200,83,32,63,0.508,4,7,0.571,15,22,0.682,8,24,32,26,6,5,9,19,9,W,2013
22013,1021300176,2013-09-04,IND @ ATL,1611661325,IND,Indiana Fever,226,80,27,76,0.355,9,24,0.375,17,22,0.773,16,24,40,17,8,4,15,21,-9,L,1611661330,ATL,Atlanta Dream,225,89,31,73,0.425,4,13,0.308,23,30,0.767,15,32,47,22,11,7,16,20,9,W,2013
22013,1021300175,2013-09-02,LAS @ ATL,1611661320,LAS,Los Angeles Sparks,201,82,28,62,0.452,2,11,0.182,24,32,0.75,9,22,31,22,7,3,15,16,-10,L,1611661330,ATL,Atlanta Dream,201,92,34,65,0.523,2,11,0.182,22,24,0.917,6,25,31,23,9,1,12,23,10,W,2013
22013,1021300174,2013-09-01,NYL @ TUL,1611661313,NYL,New York Liberty,199,88,36,76,0.474,6,13,0.462,10,13,0.769,11,23,34,17,13,3,13,29,-5,L,1611661321,TUL,Tulsa Shock,199,93,26,62,0.419,11,23,0.478,30,37,0.811,14,22,36,16,9,5,16,17,5,W,2013
22013,1021300172,2013-08-31,LAS @ SAN,1611661320,LAS,Los Angeles Sparks,200,80,33,69,0.478,3,7,0.429,11,14,0.786,11,30,41,21,8,4,10,15,13,W,1611661319,SAN,San Antonio Silver Stars,200,67,26,74,0.351,6,18,0.333,9,12,0.75,15,25,40,10,6,2,13,12,-13,L,2013
22013,1021300173,2013-08-31,CON @ PHO,1611661323,CON,Connecticut Sun,201,68,29,82,0.354,3,19,0.158,7,8,0.875,11,22,33,7,14,6,9,16,-8,L,1611661317,PHO,Phoenix Mercury,200,76,30,68,0.441,3,14,0.214,13,15,0.867,10,37,47,21,6,11,17,12,8,W,2013
22013,1021300170,2013-08-31,ATL @ CHI,1611661330,ATL,Atlanta Dream,202,68,29,68,0.426,3,15,0.2,7,10,0.7,7,25,32,14,2,5,17,20,-17,L,1611661329,CHI,Chicago Sky,200,85,31,70,0.443,1,7,0.143,22,27,0.815,13,27,40,17,9,4,8,18,17,W,2013
22013,1021300171,2013-08-31,SEA @ MIN,1611661328,SEA,Seattle Storm,200,74,26,61,0.426,8,24,0.333,14,16,0.875,6,19,25,22,5,4,14,15,-23,L,1611661324,MIN,Minnesota Lynx,201,97,41,71,0.577,6,10,0.6,9,10,0.9,10,22,32,29,8,4,7,14,23,W,2013
22013,1021300169,2013-08-30,SAN @ TUL,1611661319,SAN,San Antonio Silver Stars,202,74,28,59,0.475,4,14,0.286,14,16,0.875,6,25,31,16,8,6,12,15,9,W,1611661321,TUL,Tulsa Shock,200,65,25,68,0.368,1,14,0.071,14,17,0.824,14,25,39,8,7,1,12,16,-9,L,2013
22013,1021300168,2013-08-30,IND @ NYL,1611661325,IND,Indiana Fever,200,73,26,59,0.441,7,17,0.412,14,21,0.667,3,26,29,15,9,2,7,20,6,W,1611661313,NYL,New York Liberty,199,67,21,62,0.339,4,12,0.333,21,25,0.84,8,27,35,14,5,1,13,16,-6,L,2013
22013,1021300167,2013-08-29,CON @ SEA,1611661323,CON,Connecticut Sun,200,65,23,61,0.377,1,10,0.1,18,22,0.818,6,19,25,8,9,1,12,22,-13,L,1611661328,SEA,Seattle Storm,200,78,23,47,0.489,6,13,0.462,26,33,0.788,5,26,31,15,7,2,18,15,13,W,2013
22013,1021300166,2013-08-28,WAS @ ATL,1611661322,WAS,Washington Mystics,225,85,30,71,0.423,5,17,0.294,20,22,0.909,5,33,38,23,11,3,16,14,5,W,1611661330,ATL,Atlanta Dream,224,80,34,83,0.41,2,14,0.143,10,13,0.769,8,34,42,21,9,3,16,20,-5,L,2013
22013,1021300165,2013-08-27,CON @ LAS,1611661323,CON,Connecticut Sun,200,78,29,69,0.42,5,11,0.455,15,19,0.789,13,19,32,15,9,1,18,20,-13,L,1611661320,LAS,Los Angeles Sparks,200,91,37,65,0.569,2,5,0.4,15,23,0.652,8,26,34,17,13,2,13,19,13,W,2013
22013,1021300163,2013-08-27,MIN @ NYL,1611661324,MIN,Minnesota Lynx,201,73,31,69,0.449,4,9,0.444,7,10,0.7,8,39,47,15,6,3,15,16,26,W,1611661313,NYL,New York Liberty,199,47,18,72,0.25,2,13,0.154,9,18,0.5,10,29,39,12,7,3,12,13,-26,L,2013
22013,1021300164,2013-08-27,SEA @ SAN,1611661328,SEA,Seattle Storm,198,72,27,57,0.474,8,16,0.5,10,15,0.667,11,22,33,20,8,4,17,20,1,W,1611661319,SAN,San Antonio Silver Stars,199,71,24,61,0.393,5,24,0.208,18,24,0.75,10,15,25,15,11,6,10,18,-1,L,2013
22013,1021300160,2013-08-25,SEA @ SAN,1611661328,SEA,Seattle Storm,200,64,19,53,0.358,6,16,0.375,20,23,0.87,8,20,28,14,9,2,15,22,-6,L,1611661319,SAN,San Antonio Silver Stars,201,70,25,62,0.403,5,20,0.25,15,21,0.714,14,25,39,18,9,3,14,17,6,W,2013
22013,1021300162,2013-08-25,TUL @ LAS,1611661321,TUL,Tulsa Shock,249,88,31,78,0.397,10,23,0.435,16,17,0.941,14,29,43,14,14,8,18,23,-2,L,1611661320,LAS,Los Angeles Sparks,250,90,37,84,0.44,2,10,0.2,14,18,0.778,9,27,36,23,11,5,17,15,2,W,2013
22013,1021300161,2013-08-25,NYL @ CON,1611661313,NYL,New York Liberty,199,74,30,65,0.462,2,8,0.25,12,13,0.923,9,28,37,19,3,2,13,15,8,W,1611661323,CON,Connecticut Sun,200,66,25,69,0.362,5,16,0.313,11,14,0.786,7,23,30,12,4,2,6,10,-8,L,2013
22013,1021300158,2013-08-24,IND @ MIN,1611661325,IND,Indiana Fever,200,77,29,63,0.46,10,20,0.5,9,12,0.75,10,14,24,19,9,2,13,16,-7,L,1611661324,MIN,Minnesota Lynx,201,84,37,64,0.578,5,8,0.625,5,7,0.714,7,23,30,22,7,2,13,13,7,W,2013
22013,1021300159,2013-08-24,CHI @ ATL,1611661329,CHI,Chicago Sky,199,67,23,64,0.359,2,7,0.286,19,26,0.731,12,34,46,17,12,7,20,17,11,W,1611661330,ATL,Atlanta Dream,199,56,20,70,0.286,3,11,0.273,13,15,0.867,10,28,38,7,13,4,22,20,-11,L,2013
22013,1021300155,2013-08-23,SAN @ TUL,1611661319,SAN,San Antonio Silver Stars,201,67,25,61,0.41,8,19,0.421,9,10,0.9,12,24,36,12,6,2,15,17,-6,L,1611661321,TUL,Tulsa Shock,201,73,28,63,0.444,5,11,0.455,12,15,0.8,5,18,23,16,7,3,9,12,6,W,2013
22013,1021300154,2013-08-23,ATL @ WAS,1611661330,ATL,Atlanta Dream,199,64,25,69,0.362,1,18,0.056,13,17,0.765,13,23,36,20,5,6,14,17,-10,L,1611661322,WAS,Washington Mystics,199,74,26,69,0.377,4,10,0.4,18,19,0.947,9,26,35,18,10,3,9,19,10,W,2013
22013,1021300156,2013-08-23,NYL @ CHI,1611661313,NYL,New York Liberty,200,64,27,62,0.435,3,9,0.333,7,10,0.7,8,21,29,19,5,6,19,18,-18,L,1611661329,CHI,Chicago Sky,200,82,33,76,0.434,4,9,0.444,12,15,0.8,13,22,35,19,9,4,10,14,18,W,2013
22013,1021300157,2013-08-23,SEA @ PHO,1611661328,SEA,Seattle Storm,201,81,25,59,0.424,6,12,0.5,25,29,0.862,8,20,28,7,3,3,13,22,8,W,1611661317,PHO,Phoenix Mercury,201,73,24,51,0.471,5,11,0.455,20,25,0.8,4,23,27,20,4,2,16,26,-8,L,2013
22013,1021300153,2013-08-22,MIN @ CON,1611661324,MIN,Minnesota Lynx,200,91,38,66,0.576,3,7,0.429,12,14,0.857,7,19,26,26,11,2,9,12,14,W,1611661323,CON,Connecticut Sun,200,77,31,65,0.477,4,14,0.286,11,13,0.846,9,21,30,13,3,0,15,13,-14,L,2013
22013,1021300152,2013-08-21,SAN @ IND,1611661319,SAN,San Antonio Silver Stars,201,63,22,54,0.407,5,15,0.333,14,19,0.737,11,22,33,16,7,5,19,23,-17,L,1611661325,IND,Indiana Fever,199,80,26,59,0.441,7,17,0.412,21,24,0.875,8,21,29,18,9,5,12,16,17,W,2013
22013,1021300151,2013-08-20,LAS @ SEA,1611661320,LAS,Los Angeles Sparks,200,57,23,61,0.377,1,5,0.2,10,13,0.769,7,21,28,11,9,6,15,22,-20,L,1611661328,SEA,Seattle Storm,199,77,28,57,0.491,6,13,0.462,15,24,0.625,8,28,36,15,8,0,16,13,20,W,2013
22013,1021300148,2013-08-20,MIN @ ATL,1611661324,MIN,Minnesota Lynx,199,75,29,70,0.414,6,10,0.6,11,16,0.688,15,22,37,15,5,6,19,18,-13,L,1611661330,ATL,Atlanta Dream,201,88,31,65,0.477,2,8,0.25,24,27,0.889,9,26,35,21,9,5,13,17,13,W,2013
22013,1021300150,2013-08-20,PHO @ TUL,1611661317,PHO,Phoenix Mercury,201,89,34,69,0.493,5,15,0.333,16,19,0.842,8,34,42,19,2,4,12,22,3,W,1611661321,TUL,Tulsa Shock,200,86,33,74,0.446,6,16,0.375,14,23,0.609,8,24,32,15,8,4,4,19,-3,L,2013
22013,1021300149,2013-08-20,CHI @ WAS,1611661329,CHI,Chicago Sky,200,79,24,64,0.375,7,16,0.438,24,33,0.727,9,29,38,17,7,7,11,26,6,W,1611661322,WAS,Washington Mystics,200,73,22,66,0.333,4,18,0.222,25,34,0.735,12,27,39,17,5,7,14,24,-6,L,2013
22013,1021300145,2013-08-18,WAS @ ATL,1611661322,WAS,Washington Mystics,200,58,24,70,0.343,5,16,0.313,5,10,0.5,11,27,38,17,8,1,17,25,-18,L,1611661330,ATL,Atlanta Dream,201,76,27,61,0.443,4,13,0.308,18,28,0.643,9,27,36,16,9,7,17,13,18,W,2013
22013,1021300146,2013-08-18,CON @ CHI,1611661323,CON,Connecticut Sun,199,78,32,66,0.485,5,11,0.455,9,15,0.6,5,21,26,14,10,4,18,21,-11,L,1611661329,CHI,Chicago Sky,199,89,31,69,0.449,4,17,0.235,23,25,0.92,11,28,39,19,13,7,16,14,11,W,2013
22013,1021300147,2013-08-18,NYL @ MIN,1611661313,NYL,New York Liberty,200,57,20,64,0.313,5,14,0.357,12,14,0.857,9,25,34,12,5,1,14,20,-31,L,1611661324,MIN,Minnesota Lynx,200,88,34,72,0.472,11,19,0.579,9,11,0.818,8,29,37,25,4,8,7,16,31,W,2013
22013,1021300143,2013-08-17,PHO @ SAN,1611661317,PHO,Phoenix Mercury,201,82,31,61,0.508,5,13,0.385,15,18,0.833,2,30,32,17,6,3,15,20,-6,L,1611661319,SAN,San Antonio Silver Stars,201,88,31,68,0.456,8,19,0.421,18,20,0.9,3,25,28,21,6,3,9,14,6,W,2013
22013,1021300144,2013-08-17,IND @ SEA,1611661325,IND,Indiana Fever,199,70,21,56,0.375,5,22,0.227,23,31,0.742,10,17,27,15,7,3,5,21,-7,L,1611661328,SEA,Seattle Storm,200,77,24,50,0.48,5,11,0.455,24,26,0.923,7,17,24,12,3,1,11,21,7,W,2013
22013,1021300140,2013-08-16,WAS @ NYL,1611661322,WAS,Washington Mystics,200,66,28,71,0.394,6,19,0.316,4,6,0.667,10,21,31,18,5,3,10,16,9,W,1611661313,NYL,New York Liberty,200,57,24,60,0.4,2,6,0.333,7,12,0.583,10,26,36,15,3,1,15,11,-9,L,2013
22013,1021300141,2013-08-16,TUL @ MIN,1611661321,TUL,Tulsa Shock,200,83,29,58,0.5,6,17,0.353,19,25,0.76,5,21,26,21,10,4,17,25,6,W,1611661324,MIN,Minnesota Lynx,199,77,27,60,0.45,2,13,0.154,21,25,0.84,5,22,27,17,9,5,14,22,-6,L,2013
22013,1021300139,2013-08-16,CON @ ATL,1611661323,CON,Connecticut Sun,199,57,22,69,0.319,1,9,0.111,12,18,0.667,12,21,33,6,9,0,21,19,-31,L,1611661330,ATL,Atlanta Dream,200,88,31,61,0.508,2,7,0.286,24,26,0.923,7,26,33,23,14,6,17,16,31,W,2013
22013,1021300142,2013-08-16,IND @ LAS,1611661325,IND,Indiana Fever,198,72,29,65,0.446,6,19,0.316,8,12,0.667,9,13,22,15,9,1,12,17,-22,L,1611661320,LAS,Los Angeles Sparks,200,94,36,57,0.632,2,6,0.333,20,23,0.87,5,23,28,23,8,4,12,11,22,W,2013
22013,1021300138,2013-08-15,CHI @ SEA,1611661329,CHI,Chicago Sky,201,79,32,64,0.5,3,9,0.333,12,17,0.706,8,19,27,15,12,3,10,10,13,W,1611661328,SEA,Seattle Storm,201,66,28,58,0.483,6,15,0.4,4,5,0.8,6,16,22,16,7,6,16,17,-13,L,2013
22013,1021300137,2013-08-14,IND @ PHO,1611661325,IND,Indiana Fever,199,58,21,67,0.313,5,18,0.278,11,13,0.846,9,21,30,11,11,3,12,19,-17,L,1611661317,PHO,Phoenix Mercury,200,75,28,56,0.5,2,10,0.2,17,20,0.85,6,32,38,19,9,3,19,16,17,W,2013
22013,1021300136,2013-08-14,ATL @ CON,1611661330,ATL,Atlanta Dream,200,86,35,75,0.467,3,11,0.273,13,20,0.65,12,25,37,17,10,2,10,19,-2,L,1611661323,CON,Connecticut Sun,200,88,33,70,0.471,8,15,0.533,14,16,0.875,7,23,30,16,6,3,13,15,2,W,2013
22013,1021300135,2013-08-13,CHI @ LAS,1611661329,CHI,Chicago Sky,199,76,29,74,0.392,4,14,0.286,14,16,0.875,11,20,31,17,13,4,11,17,-4,L,1611661320,LAS,Los Angeles Sparks,201,80,32,62,0.516,2,8,0.25,14,19,0.737,6,28,34,19,8,9,16,15,4,W,2013
22013,1021300134,2013-08-11,SAN @ SEA,1611661319,SAN,San Antonio Silver Stars,201,63,23,68,0.338,6,26,0.231,11,14,0.786,9,23,32,14,7,9,10,16,-6,L,1611661328,SEA,Seattle Storm,199,69,26,68,0.382,3,13,0.231,14,18,0.778,15,33,48,16,6,6,11,14,6,W,2013
22013,1021300132,2013-08-11,MIN @ CHI,1611661324,MIN,Minnesota Lynx,224,86,32,74,0.432,5,14,0.357,17,17,1,9,25,34,24,9,5,16,25,-8,L,1611661329,CHI,Chicago Sky,225,94,28,64,0.438,7,15,0.467,31,33,0.939,7,25,32,19,8,10,14,18,8,W,2013
22013,1021300133,2013-08-11,NYL @ ATL,1611661313,NYL,New York Liberty,199,88,33,68,0.485,3,10,0.3,19,20,0.95,13,30,43,18,4,5,16,23,6,W,1611661330,ATL,Atlanta Dream,200,82,28,70,0.4,3,14,0.214,23,29,0.793,12,18,30,18,7,1,8,22,-6,L,2013
22013,1021300131,2013-08-11,TUL @ PHO,1611661321,TUL,Tulsa Shock,200,56,14,51,0.275,4,16,0.25,24,29,0.828,7,20,27,9,6,5,15,17,-21,L,1611661317,PHO,Phoenix Mercury,200,77,29,64,0.453,3,9,0.333,16,22,0.727,8,23,31,15,8,13,8,17,21,W,2013
22013,1021300130,2013-08-11,CON @ WAS,1611661323,CON,Connecticut Sun,200,63,25,65,0.385,2,12,0.167,11,15,0.733,9,28,37,14,6,5,14,20,-11,L,1611661322,WAS,Washington Mystics,200,74,24,58,0.414,7,13,0.538,19,27,0.704,9,29,38,17,9,3,14,14,11,W,2013
22013,1021300128,2013-08-10,LAS @ NYL,1611661320,LAS,Los Angeles Sparks,200,85,35,67,0.522,4,11,0.364,11,12,0.917,8,34,42,18,6,5,15,22,18,W,1611661313,NYL,New York Liberty,199,67,23,67,0.343,3,7,0.429,18,24,0.75,9,23,32,13,11,2,12,10,-18,L,2013
22013,1021300129,2013-08-10,ATL @ IND,1611661330,ATL,Atlanta Dream,200,66,29,57,0.509,2,10,0.2,6,11,0.545,2,17,19,14,6,3,14,16,-14,L,1611661325,IND,Indiana Fever,200,80,30,60,0.5,8,14,0.571,12,16,0.75,11,21,32,13,10,2,13,14,14,W,2013
22013,1021300126,2013-08-09,TUL @ PHO,1611661321,TUL,Tulsa Shock,199,67,24,59,0.407,7,22,0.318,12,18,0.667,8,17,25,13,12,8,16,16,-3,L,1611661317,PHO,Phoenix Mercury,200,70,28,67,0.418,4,15,0.267,10,11,0.909,13,27,40,15,10,5,20,26,3,W,2013
22013,1021300127,2013-08-09,SAN @ SEA,1611661319,SAN,San Antonio Silver Stars,200,77,30,60,0.5,6,19,0.316,11,13,0.846,4,24,28,14,14,4,10,9,21,W,1611661328,SEA,Seattle Storm,202,56,21,54,0.389,8,23,0.348,6,8,0.75,5,21,26,13,5,5,20,11,-21,L,2013
22013,1021300125,2013-08-09,CHI @ CON,1611661329,CHI,Chicago Sky,199,77,32,73,0.438,7,15,0.467,6,8,0.75,11,35,46,10,4,6,12,14,16,W,1611661323,CON,Connecticut Sun,200,61,25,78,0.321,1,14,0.071,10,14,0.714,10,26,36,11,8,6,9,10,-16,L,2013
22013,1021300124,2013-08-08,WAS @ MIN,1611661322,WAS,Washington Mystics,201,79,31,68,0.456,5,16,0.313,12,13,0.923,14,30,44,15,8,3,16,18,4,W,1611661324,MIN,Minnesota Lynx,200,75,29,67,0.433,5,13,0.385,12,15,0.8,7,17,24,17,10,4,11,11,-4,L,2013
22013,1021300123,2013-08-08,LAS @ IND,1611661320,LAS,Los Angeles Sparks,199,74,30,55,0.545,1,3,0.333,13,15,0.867,4,31,35,18,6,2,16,20,10,W,1611661325,IND,Indiana Fever,198,64,23,67,0.343,1,9,0.111,17,25,0.68,12,20,32,7,13,1,10,16,-10,L,2013
22013,1021300118,2013-08-06,WAS @ NYL,1611661322,WAS,Washington Mystics,199,88,30,71,0.423,5,15,0.333,23,27,0.852,14,19,33,17,7,0,7,24,-5,L,1611661313,NYL,New York Liberty,200,93,35,64,0.547,5,8,0.625,18,24,0.75,8,22,30,25,3,3,10,19,5,W,2013
22013,1021300122,2013-08-06,SEA @ PHO,1611661328,SEA,Seattle Storm,200,80,27,68,0.397,6,18,0.333,20,24,0.833,13,25,38,12,6,2,11,20,15,W,1611661317,PHO,Phoenix Mercury,200,65,22,55,0.4,3,15,0.2,18,25,0.72,7,23,30,18,7,7,15,18,-15,L,2013
22013,1021300121,2013-08-06,MIN @ SAN,1611661324,MIN,Minnesota Lynx,201,93,39,68,0.574,5,12,0.417,10,11,0.909,5,31,36,27,11,2,10,16,13,W,1611661319,SAN,San Antonio Silver Stars,199,80,30,67,0.448,8,20,0.4,12,18,0.667,8,21,29,23,5,3,12,12,-13,L,2013
22013,1021300119,2013-08-06,LAS @ CON,1611661320,LAS,Los Angeles Sparks,200,74,30,68,0.441,0,1,0,14,17,0.824,13,23,36,15,9,2,14,14,2,W,1611661323,CON,Connecticut Sun,199,72,28,65,0.431,4,15,0.267,12,14,0.857,8,23,31,15,8,3,13,14,-2,L,2013
22013,1021300120,2013-08-06,IND @ CHI,1611661325,IND,Indiana Fever,199,64,23,63,0.365,2,10,0.2,16,17,0.941,10,19,29,11,13,9,9,21,6,W,1611661329,CHI,Chicago Sky,200,58,22,60,0.367,2,9,0.222,12,20,0.6,15,25,40,10,2,7,15,15,-6,L,2013
22013,1021300117,2013-08-04,SEA @ MIN,1611661328,SEA,Seattle Storm,201,72,26,63,0.413,8,27,0.296,12,16,0.75,11,21,32,17,4,2,18,18,-18,L,1611661324,MIN,Minnesota Lynx,200,90,37,73,0.507,2,7,0.286,14,19,0.737,10,23,33,26,10,7,9,15,18,W,2013
22013,1021300116,2013-08-04,TUL @ SAN,1611661321,TUL,Tulsa Shock,201,65,23,60,0.383,6,18,0.333,13,25,0.52,9,26,35,15,5,7,19,18,-4,L,1611661319,SAN,San Antonio Silver Stars,200,69,24,63,0.381,5,16,0.313,16,20,0.8,7,23,30,18,9,5,14,23,4,W,2013
22013,1021300115,2013-08-04,LAS @ WAS,1611661320,LAS,Los Angeles Sparks,199,75,33,70,0.471,3,6,0.5,6,7,0.857,12,31,43,26,12,6,13,16,18,W,1611661322,WAS,Washington Mystics,200,57,25,73,0.342,2,13,0.154,5,9,0.556,14,24,38,17,9,2,16,11,-18,L,2013
22013,1021300112,2013-08-03,CON @ NYL,1611661323,CON,Connecticut Sun,201,88,34,67,0.507,10,21,0.476,10,15,0.667,10,25,35,17,7,4,14,15,22,W,1611661313,NYL,New York Liberty,200,66,27,61,0.443,0,5,0,12,18,0.667,9,21,30,12,7,0,16,18,-22,L,2013
22013,1021300113,2013-08-03,CHI @ IND,1611661329,CHI,Chicago Sky,201,58,20,61,0.328,5,20,0.25,13,17,0.765,11,19,30,5,5,7,14,24,-21,L,1611661325,IND,Indiana Fever,199,79,26,64,0.406,6,14,0.429,21,28,0.75,15,27,42,15,9,6,10,14,21,W,2013
22013,1021300114,2013-08-03,ATL @ PHO,1611661330,ATL,Atlanta Dream,200,76,28,71,0.394,2,17,0.118,18,27,0.667,12,25,37,16,14,0,16,24,-6,L,1611661317,PHO,Phoenix Mercury,200,82,28,58,0.483,5,13,0.385,21,27,0.778,6,24,30,16,8,5,21,19,6,W,2013
22013,1021300110,2013-08-02,LAS @ TUL,1611661320,LAS,Los Angeles Sparks,200,89,36,78,0.462,5,12,0.417,12,15,0.8,11,22,33,23,11,6,11,23,-7,L,1611661321,TUL,Tulsa Shock,200,96,33,62,0.532,7,13,0.538,23,28,0.821,6,28,34,21,8,6,14,14,7,W,2013
22013,1021300111,2013-08-02,WAS @ CHI,1611661322,WAS,Washington Mystics,200,78,31,66,0.47,5,13,0.385,11,13,0.846,10,21,31,19,5,5,19,27,-7,L,1611661329,CHI,Chicago Sky,201,85,28,67,0.418,1,14,0.071,28,34,0.824,14,19,33,19,13,9,10,17,7,W,2013
22013,1021300109,2013-08-02,SAN @ MIN,1611661319,SAN,San Antonio Silver Stars,200,63,25,73,0.342,9,26,0.346,4,6,0.667,9,20,29,17,9,2,13,9,-22,L,1611661324,MIN,Minnesota Lynx,201,85,38,71,0.535,1,5,0.2,8,10,0.8,9,34,43,22,7,8,11,11,22,W,2013
22013,1021300108,2013-08-01,PHO @ SEA,1611661317,PHO,Phoenix Mercury,200,79,30,69,0.435,3,16,0.188,16,19,0.842,5,28,33,19,8,6,10,22,-9,L,1611661328,SEA,Seattle Storm,200,88,30,68,0.441,11,26,0.423,17,20,0.85,6,26,32,23,2,3,11,17,9,W,2013
22013,1021300107,2013-08-01,IND @ CON,1611661325,IND,Indiana Fever,200,64,27,61,0.443,3,11,0.273,7,15,0.467,12,26,38,10,6,3,13,17,-6,L,1611661323,CON,Connecticut Sun,202,70,27,67,0.403,3,10,0.3,13,15,0.867,10,22,32,17,8,6,8,17,6,W,2013
22013,1021300106,2013-07-31,NYL @ WAS,1611661313,NYL,New York Liberty,200,88,37,75,0.493,2,8,0.25,12,16,0.75,12,31,43,22,3,0,16,17,10,W,1611661322,WAS,Washington Mystics,199,78,28,77,0.364,4,21,0.19,18,20,0.9,11,23,34,12,12,7,11,19,-10,L,2013
22013,1021300104,2013-07-25,IND @ TUL,1611661325,IND,Indiana Fever,201,71,25,54,0.463,5,12,0.417,16,17,0.941,6,22,28,16,12,3,18,21,11,W,1611661321,TUL,Tulsa Shock,199,60,20,55,0.364,6,17,0.353,14,21,0.667,9,15,24,10,8,6,19,17,-11,L,2013
22013,1021300103,2013-07-25,NYL @ SAN,1611661313,NYL,New York Liberty,201,53,16,60,0.267,4,11,0.364,17,25,0.68,13,24,37,9,6,2,16,19,-12,L,1611661319,SAN,San Antonio Silver Stars,199,65,19,61,0.311,6,19,0.316,21,27,0.778,15,29,44,16,11,5,13,20,12,W,2013
22013,1021300105,2013-07-25,SEA @ LAS,1611661328,SEA,Seattle Storm,200,73,25,58,0.431,6,20,0.3,17,20,0.85,8,29,37,13,4,1,17,19,7,W,1611661320,LAS,Los Angeles Sparks,199,66,19,61,0.311,3,7,0.429,25,29,0.862,10,18,28,12,9,3,10,21,-7,L,2013
22013,1021300102,2013-07-24,CON @ ATL,1611661323,CON,Connecticut Sun,200,65,23,65,0.354,1,13,0.077,18,25,0.72,11,29,40,11,9,7,14,17,-9,L,1611661330,ATL,Atlanta Dream,199,74,29,73,0.397,2,9,0.222,14,22,0.636,16,28,44,14,10,3,13,17,9,W,2013
22013,1021300100,2013-07-24,CHI @ WAS,1611661329,CHI,Chicago Sky,201,78,24,68,0.353,6,21,0.286,24,29,0.828,9,25,34,13,5,5,9,19,-4,L,1611661322,WAS,Washington Mystics,201,82,27,63,0.429,5,13,0.385,23,29,0.793,4,32,36,19,6,4,12,21,4,W,2013
22013,1021300101,2013-07-24,PHO @ MIN,1611661317,PHO,Phoenix Mercury,199,69,26,56,0.464,2,11,0.182,15,17,0.882,6,30,36,12,3,3,18,18,-12,L,1611661324,MIN,Minnesota Lynx,199,81,31,68,0.456,2,10,0.2,17,21,0.81,7,24,31,25,13,3,9,14,12,W,2013
22013,1021300099,2013-07-23,NYL @ IND,1611661313,NYL,New York Liberty,200,77,27,61,0.443,4,7,0.571,19,21,0.905,6,33,39,18,5,4,12,19,5,W,1611661325,IND,Indiana Fever,200,72,24,71,0.338,5,22,0.227,19,25,0.76,10,25,35,11,7,5,7,19,-5,L,2013
22013,1021300098,2013-07-21,MIN @ PHO,1611661324,MIN,Minnesota Lynx,199,82,33,76,0.434,4,18,0.222,12,20,0.6,12,28,40,16,11,5,11,19,5,W,1611661317,PHO,Phoenix Mercury,201,77,26,66,0.394,7,26,0.269,18,22,0.818,8,31,39,15,4,5,15,19,-5,L,2013
22013,1021300097,2013-07-21,ATL @ TUL,1611661330,ATL,Atlanta Dream,199,63,24,72,0.333,0,17,0,15,23,0.652,14,24,38,9,3,2,8,23,-27,L,1611661321,TUL,Tulsa Shock,199,90,33,63,0.524,3,14,0.214,21,26,0.808,8,32,40,19,5,4,8,15,27,W,2013
22013,1021300096,2013-07-21,IND @ WAS,1611661325,IND,Indiana Fever,200,65,23,65,0.354,5,15,0.333,14,16,0.875,11,27,38,17,8,3,12,19,13,W,1611661322,WAS,Washington Mystics,200,52,17,55,0.309,4,13,0.308,14,16,0.875,4,25,29,8,5,4,15,16,-13,L,2013
22013,1021300094,2013-07-20,CON @ SAN,1611661323,CON,Connecticut Sun,202,52,21,72,0.292,2,17,0.118,8,11,0.727,15,25,40,8,9,4,11,13,-8,L,1611661319,SAN,San Antonio Silver Stars,202,60,27,64,0.422,2,9,0.222,4,7,0.571,9,30,39,13,7,2,16,13,8,W,2013
22013,1021300095,2013-07-20,LAS @ SEA,1611661320,LAS,Los Angeles Sparks,201,65,27,59,0.458,1,10,0.1,10,12,0.833,6,24,30,18,12,5,17,16,1,W,1611661328,SEA,Seattle Storm,198,64,23,56,0.411,3,13,0.231,15,17,0.882,5,23,28,14,9,3,17,16,-1,L,2013
22013,1021300093,2013-07-20,NYL @ CHI,1611661313,NYL,New York Liberty,200,69,26,72,0.361,3,11,0.273,14,16,0.875,13,23,36,15,8,5,14,19,-11,L,1611661329,CHI,Chicago Sky,200,80,30,65,0.462,6,15,0.4,14,17,0.824,5,25,30,21,8,13,12,14,11,W,2013
22013,1021300091,2013-07-19,MIN @ SAN,1611661324,MIN,Minnesota Lynx,202,87,37,73,0.507,5,13,0.385,8,10,0.8,10,26,36,25,11,7,12,15,16,W,1611661319,SAN,San Antonio Silver Stars,199,71,25,66,0.379,4,18,0.222,17,22,0.773,13,24,37,11,5,4,16,9,-16,L,2013
22013,1021300090,2013-07-19,WAS @ IND,1611661322,WAS,Washington Mystics,200,70,25,54,0.463,3,10,0.3,17,19,0.895,8,26,34,10,5,7,21,26,-7,L,1611661325,IND,Indiana Fever,200,77,24,71,0.338,7,19,0.368,22,23,0.957,16,20,36,15,10,3,13,20,7,W,2013
22013,1021300092,2013-07-19,CON @ TUL,1611661323,CON,Connecticut Sun,200,58,21,72,0.292,4,16,0.25,12,18,0.667,14,25,39,9,14,4,15,18,-6,L,1611661321,TUL,Tulsa Shock,199,64,25,75,0.333,2,18,0.111,12,17,0.706,25,37,62,8,8,3,24,16,6,W,2013
22013,1021300088,2013-07-18,CHI @ NYL,1611661329,CHI,Chicago Sky,201,75,28,68,0.412,7,20,0.35,12,16,0.75,9,28,37,15,10,8,10,11,20,W,1611661313,NYL,New York Liberty,200,55,22,69,0.319,2,7,0.286,9,13,0.692,15,27,42,9,5,0,18,20,-20,L,2013
22013,1021300089,2013-07-18,PHO @ LAS,1611661317,PHO,Phoenix Mercury,200,90,31,69,0.449,5,22,0.227,23,30,0.767,11,26,37,14,10,0,15,20,6,W,1611661320,LAS,Los Angeles Sparks,199,84,30,79,0.38,6,21,0.286,18,21,0.857,17,29,46,18,5,2,14,23,-6,L,2013
22013,1021300086,2013-07-17,TUL @ SEA,1611661321,TUL,Tulsa Shock,201,86,31,54,0.574,8,13,0.615,16,20,0.8,4,26,30,18,9,2,17,13,27,W,1611661328,SEA,Seattle Storm,202,59,20,57,0.351,6,22,0.273,13,17,0.765,9,17,26,14,8,2,19,19,-27,L,2013
22013,1021300087,2013-07-17,ATL @ LAS,1611661330,ATL,Atlanta Dream,201,73,31,87,0.356,1,7,0.143,10,14,0.714,17,28,45,13,12,4,12,23,-4,L,1611661320,LAS,Los Angeles Sparks,201,77,26,59,0.441,3,7,0.429,22,27,0.815,5,31,36,14,6,10,17,15,4,W,2013
22013,1021300085,2013-07-16,SAN @ WAS,1611661319,SAN,San Antonio Silver Stars,201,64,28,72,0.389,4,17,0.235,4,8,0.5,13,19,32,15,6,3,16,21,-22,L,1611661322,WAS,Washington Mystics,200,86,36,74,0.486,2,11,0.182,12,16,0.75,15,24,39,20,7,5,10,18,22,W,2013
22013,1021300083,2013-07-14,LAS @ PHO,1611661320,LAS,Los Angeles Sparks,200,88,34,67,0.507,3,8,0.375,17,29,0.586,7,30,37,19,6,5,13,20,12,W,1611661317,PHO,Phoenix Mercury,201,76,27,68,0.397,4,15,0.267,18,20,0.9,9,18,27,17,6,2,14,24,-12,L,2013
22013,1021300084,2013-07-14,ATL @ SEA,1611661330,ATL,Atlanta Dream,200,65,27,69,0.391,4,17,0.235,7,9,0.778,10,19,29,9,10,4,10,21,-8,L,1611661328,SEA,Seattle Storm,200,73,28,54,0.519,3,8,0.375,14,20,0.7,6,27,33,8,5,2,15,12,8,W,2013
22013,1021300082,2013-07-14,SAN @ CON,1611661319,SAN,San Antonio Silver Stars,199,84,31,74,0.419,8,19,0.421,14,16,0.875,11,25,36,20,5,3,14,16,-2,L,1611661323,CON,Connecticut Sun,200,86,34,71,0.479,5,9,0.556,13,15,0.867,7,28,35,15,6,4,7,18,2,W,2013
22013,1021300080,2013-07-13,IND @ NYL,1611661325,IND,Indiana Fever,200,74,28,68,0.412,8,20,0.4,10,16,0.625,9,23,32,15,13,2,7,16,21,W,1611661313,NYL,New York Liberty,201,53,21,55,0.382,1,8,0.125,10,12,0.833,10,29,39,6,4,3,22,17,-21,L,2013
22013,1021300081,2013-07-13,MIN @ TUL,1611661324,MIN,Minnesota Lynx,200,86,34,62,0.548,3,6,0.5,15,19,0.789,7,29,36,20,9,6,15,21,11,W,1611661321,TUL,Tulsa Shock,201,75,26,67,0.388,8,28,0.286,15,22,0.682,10,21,31,13,5,3,16,21,-11,L,2013
22013,1021300079,2013-07-12,WAS @ SAN,1611661322,WAS,Washington Mystics,200,83,26,58,0.448,4,16,0.25,27,33,0.818,11,33,44,17,4,3,16,19,10,W,1611661319,SAN,San Antonio Silver Stars,201,73,28,71,0.394,7,20,0.35,10,13,0.769,5,20,25,23,9,1,7,23,-10,L,2013
22013,1021300078,2013-07-12,CHI @ CON,1611661329,CHI,Chicago Sky,200,83,30,64,0.469,4,9,0.444,19,20,0.95,2,32,34,19,8,1,12,19,13,W,1611661323,CON,Connecticut Sun,200,70,30,73,0.411,2,10,0.2,8,15,0.533,9,27,36,17,4,3,12,12,-13,L,2013
22013,1021300076,2013-07-11,MIN @ IND,1611661324,MIN,Minnesota Lynx,200,69,29,67,0.433,0,4,0,11,14,0.786,6,27,33,11,10,7,8,15,7,W,1611661325,IND,Indiana Fever,201,62,21,61,0.344,6,22,0.273,14,18,0.778,8,22,30,15,6,6,15,18,-7,L,2013
22013,1021300077,2013-07-11,LAS @ TUL,1611661320,LAS,Los Angeles Sparks,200,94,39,71,0.549,7,13,0.538,9,11,0.818,8,22,30,24,11,7,10,16,16,W,1611661321,TUL,Tulsa Shock,200,78,29,68,0.426,7,17,0.412,13,15,0.867,16,19,35,15,7,2,20,16,-16,L,2013
22013,1021300075,2013-07-10,SAN @ PHO,1611661319,SAN,San Antonio Silver Stars,200,88,35,66,0.53,4,14,0.286,14,18,0.778,4,20,24,21,8,2,12,20,8,W,1611661317,PHO,Phoenix Mercury,201,80,28,57,0.491,6,16,0.375,18,24,0.75,7,20,27,13,3,1,17,21,-8,L,2013
22013,1021300074,2013-07-10,WAS @ CHI,1611661322,WAS,Washington Mystics,199,85,31,67,0.463,3,12,0.25,20,24,0.833,7,26,33,13,3,4,11,23,-4,L,1611661329,CHI,Chicago Sky,200,89,33,76,0.434,4,15,0.267,19,25,0.76,13,24,37,20,5,5,9,17,4,W,2013
22013,1021300072,2013-07-09,SEA @ NYL,1611661328,SEA,Seattle Storm,200,57,21,62,0.339,7,20,0.35,8,10,0.8,10,21,31,12,7,1,18,19,-9,L,1611661313,NYL,New York Liberty,201,66,25,62,0.403,3,12,0.25,13,16,0.813,11,27,38,11,7,4,17,15,9,W,2013
22013,1021300073,2013-07-09,ATL @ MIN,1611661330,ATL,Atlanta Dream,200,72,29,77,0.377,5,19,0.263,9,16,0.563,16,20,36,17,6,3,18,22,-22,L,1611661324,MIN,Minnesota Lynx,201,94,34,66,0.515,4,9,0.444,22,28,0.786,7,31,38,18,12,3,10,12,22,W,2013
22013,1021300070,2013-07-07,CHI @ NYL,1611661329,CHI,Chicago Sky,200,93,29,65,0.446,9,18,0.5,26,30,0.867,9,27,36,12,8,5,10,18,29,W,1611661313,NYL,New York Liberty,199,64,24,72,0.333,2,12,0.167,14,18,0.778,12,23,35,14,5,2,15,22,-29,L,2013
22013,1021300071,2013-07-07,PHO @ MIN,1611661317,PHO,Phoenix Mercury,199,59,27,75,0.36,3,14,0.214,2,5,0.4,14,26,40,13,5,6,21,27,-32,L,1611661324,MIN,Minnesota Lynx,199,91,31,68,0.456,3,11,0.273,26,35,0.743,8,31,39,22,7,7,8,11,32,W,2013
22013,1021300068,2013-07-06,CON @ IND,1611661323,CON,Connecticut Sun,200,66,24,57,0.421,4,10,0.4,14,17,0.824,9,22,31,10,5,6,21,23,-12,L,1611661325,IND,Indiana Fever,200,78,28,63,0.444,6,14,0.429,16,21,0.762,6,20,26,12,12,3,8,17,12,W,2013
22013,1021300069,2013-07-06,SEA @ WAS,1611661328,SEA,Seattle Storm,201,59,20,54,0.37,8,26,0.308,11,14,0.786,8,22,30,16,6,0,23,25,-3,L,1611661322,WAS,Washington Mystics,200,62,18,55,0.327,3,13,0.231,23,29,0.793,10,21,31,12,13,1,17,16,3,W,2013
22013,1021300067,2013-07-06,SAN @ LAS,1611661319,SAN,San Antonio Silver Stars,199,66,25,69,0.362,1,12,0.083,15,21,0.714,14,14,28,14,8,5,15,21,-27,L,1611661320,LAS,Los Angeles Sparks,201,93,36,66,0.545,2,10,0.2,19,20,0.95,9,29,38,16,8,3,12,16,27,W,2013
22013,1021300066,2013-07-04,NYL @ LAS,1611661313,NYL,New York Liberty,200,89,36,75,0.48,7,15,0.467,10,11,0.909,15,13,28,19,7,1,14,12,-8,L,1611661320,LAS,Los Angeles Sparks,202,97,40,62,0.645,6,15,0.4,11,12,0.917,4,20,24,29,7,7,15,12,8,W,2013
22013,1021300063,2013-07-02,TUL @ CON,1611661321,TUL,Tulsa Shock,199,69,26,77,0.338,3,20,0.15,14,20,0.7,12,23,35,9,9,2,9,17,-19,L,1611661323,CON,Connecticut Sun,202,88,32,63,0.508,8,14,0.571,16,21,0.762,5,33,38,22,6,10,13,19,19,W,2013
22013,1021300064,2013-07-02,NYL @ PHO,1611661313,NYL,New York Liberty,199,87,33,68,0.485,8,18,0.444,13,17,0.765,8,30,38,19,5,3,13,21,-7,L,1611661317,PHO,Phoenix Mercury,200,94,34,74,0.459,9,27,0.333,17,25,0.68,9,25,34,26,9,4,7,17,7,W,2013
22013,1021300065,2013-07-02,MIN @ LAS,1611661324,MIN,Minnesota Lynx,201,66,25,71,0.352,1,10,0.1,15,19,0.789,12,26,38,16,4,6,13,23,-30,L,1611661320,LAS,Los Angeles Sparks,200,96,33,70,0.471,9,18,0.5,21,25,0.84,9,29,38,22,6,4,8,18,30,W,2013
22013,1021300062,2013-07-02,SEA @ CHI,1611661328,SEA,Seattle Storm,200,69,23,63,0.365,7,19,0.368,16,17,0.941,11,25,36,13,8,4,11,14,9,W,1611661329,CHI,Chicago Sky,201,60,20,67,0.299,4,22,0.182,16,18,0.889,14,27,41,10,8,6,12,17,-9,L,2013
22013,1021300059,2013-06-30,SAN @ ATL,1611661319,SAN,San Antonio Silver Stars,199,67,25,65,0.385,8,18,0.444,9,15,0.6,8,16,24,17,10,5,21,13,-26,L,1611661330,ATL,Atlanta Dream,200,93,36,64,0.563,6,14,0.429,15,18,0.833,8,30,38,25,12,7,18,13,26,W,2013
22013,1021300061,2013-06-30,SEA @ IND,1611661328,SEA,Seattle Storm,201,63,22,52,0.423,3,9,0.333,16,17,0.941,4,18,22,11,10,3,17,20,-8,L,1611661325,IND,Indiana Fever,202,71,23,57,0.404,7,13,0.538,18,18,1,12,22,34,12,6,4,20,20,8,W,2013
22013,1021300060,2013-06-30,TUL @ WAS,1611661321,TUL,Tulsa Shock,200,61,17,70,0.243,8,31,0.258,19,24,0.792,14,15,29,13,9,1,15,23,-23,L,1611661322,WAS,Washington Mystics,200,84,29,67,0.433,5,11,0.455,21,27,0.778,17,31,48,11,9,5,18,22,23,W,2013
22013,1021300058,2013-06-29,LAS @ CHI,1611661320,LAS,Los Angeles Sparks,201,82,32,72,0.444,2,9,0.222,16,24,0.667,8,26,34,13,3,4,13,25,-12,L,1611661329,CHI,Chicago Sky,199,94,31,80,0.388,2,12,0.167,30,32,0.938,14,26,40,13,8,5,7,21,12,W,2013
22013,1021300057,2013-06-29,PHO @ CON,1611661317,PHO,Phoenix Mercury,200,89,31,66,0.47,4,13,0.308,23,27,0.852,9,30,39,14,6,3,12,32,19,W,1611661323,CON,Connecticut Sun,199,70,18,67,0.269,2,11,0.182,32,43,0.744,14,22,36,7,5,1,11,25,-19,L,2013
22013,1021300054,2013-06-28,WAS @ ATL,1611661322,WAS,Washington Mystics,200,75,31,69,0.449,1,9,0.111,12,15,0.8,7,20,27,14,10,3,15,14,-11,L,1611661330,ATL,Atlanta Dream,201,86,34,67,0.507,8,18,0.444,10,18,0.556,12,26,38,20,10,4,16,12,11,W,2013
22013,1021300056,2013-06-28,NYL @ SEA,1611661313,NYL,New York Liberty,199,67,26,60,0.433,4,11,0.364,11,16,0.688,14,32,46,15,5,5,21,19,5,W,1611661328,SEA,Seattle Storm,200,62,23,68,0.338,1,18,0.056,15,19,0.789,7,19,26,5,10,0,7,18,-5,L,2013
22013,1021300055,2013-06-28,LAS @ MIN,1611661320,LAS,Los Angeles Sparks,201,64,24,65,0.369,3,11,0.273,13,17,0.765,9,19,28,18,6,4,14,20,-24,L,1611661324,MIN,Minnesota Lynx,199,88,35,71,0.493,1,7,0.143,17,19,0.895,13,34,47,24,7,2,14,17,24,W,2013
22013,1021300053,2013-06-28,TUL @ IND,1611661321,TUL,Tulsa Shock,199,69,25,65,0.385,6,18,0.333,13,15,0.867,14,17,31,13,10,7,17,17,-11,L,1611661325,IND,Indiana Fever,200,80,30,66,0.455,5,16,0.313,15,17,0.882,11,23,34,15,16,8,13,14,11,W,2013
22013,1021300052,2013-06-27,PHO @ WAS,1611661317,PHO,Phoenix Mercury,200,101,36,67,0.537,8,21,0.381,21,26,0.808,9,27,36,24,2,7,14,21,4,W,1611661322,WAS,Washington Mystics,201,97,36,77,0.468,7,13,0.538,18,24,0.75,10,21,31,20,6,1,9,22,-4,L,2013
22013,1021300051,2013-06-26,NYL @ CHI,1611661313,NYL,New York Liberty,201,74,27,62,0.435,6,9,0.667,14,19,0.737,7,31,38,18,3,3,17,21,-13,L,1611661329,CHI,Chicago Sky,198,87,33,79,0.418,4,17,0.235,17,22,0.773,12,24,36,17,8,9,4,12,13,W,2013
22013,1021300050,2013-06-25,PHO @ SAN,1611661317,PHO,Phoenix Mercury,198,83,29,68,0.426,3,17,0.176,22,26,0.846,9,40,49,17,4,8,12,17,6,W,1611661319,SAN,San Antonio Silver Stars,198,77,30,83,0.361,9,24,0.375,8,9,0.889,7,22,29,18,6,6,7,19,-6,L,2013
22013,1021300049,2013-06-25,IND @ ATL,1611661325,IND,Indiana Fever,200,60,22,61,0.361,3,10,0.3,13,17,0.765,14,26,40,11,13,3,23,22,-16,L,1611661330,ATL,Atlanta Dream,200,76,25,54,0.463,6,17,0.353,20,28,0.714,6,21,27,18,16,8,15,15,16,W,2013
22013,1021300048,2013-06-23,WAS @ LAS,1611661322,WAS,Washington Mystics,200,69,30,70,0.429,5,8,0.625,4,11,0.364,9,26,35,24,11,6,19,13,-10,L,1611661320,LAS,Los Angeles Sparks,200,79,29,65,0.446,2,5,0.4,19,21,0.905,7,22,29,19,11,8,11,11,10,W,2013
22013,1021300045,2013-06-23,ATL @ CON,1611661330,ATL,Atlanta Dream,199,78,30,74,0.405,2,7,0.286,16,18,0.889,8,23,31,5,11,1,14,14,1,W,1611661323,CON,Connecticut Sun,200,77,32,75,0.427,3,10,0.3,10,16,0.625,16,28,44,15,7,3,18,18,-1,L,2013
22013,1021300047,2013-06-23,TUL @ MIN,1611661321,TUL,Tulsa Shock,200,79,29,69,0.42,9,28,0.321,12,17,0.706,6,21,27,24,7,0,11,21,-9,L,1611661324,MIN,Minnesota Lynx,200,88,32,60,0.533,3,8,0.375,21,26,0.808,8,28,36,22,5,6,13,12,9,W,2013
22013,1021300046,2013-06-23,SAN @ NYL,1611661319,SAN,San Antonio Silver Stars,225,78,35,91,0.385,5,20,0.25,3,7,0.429,17,25,42,15,15,4,11,14,1,W,1611661313,NYL,New York Liberty,225,77,33,76,0.434,5,17,0.294,6,7,0.857,12,33,45,21,6,4,21,15,-1,L,2013
22013,1021300043,2013-06-22,CHI @ IND,1611661329,CHI,Chicago Sky,199,71,27,59,0.458,5,14,0.357,12,16,0.75,10,31,41,12,5,9,14,15,10,W,1611661325,IND,Indiana Fever,200,61,20,63,0.317,5,12,0.417,16,20,0.8,6,20,26,13,6,3,9,18,-10,L,2013
22013,1021300044,2013-06-22,SEA @ TUL,1611661328,SEA,Seattle Storm,200,70,25,62,0.403,5,19,0.263,15,19,0.789,12,22,34,10,7,1,14,23,-22,L,1611661321,TUL,Tulsa Shock,200,92,31,62,0.5,10,23,0.435,20,27,0.741,10,24,34,15,5,0,9,19,22,W,2013
22013,1021300040,2013-06-21,SEA @ SAN,1611661328,SEA,Seattle Storm,201,91,31,59,0.525,6,9,0.667,23,25,0.92,6,24,30,18,5,0,10,19,5,W,1611661319,SAN,San Antonio Silver Stars,200,86,33,65,0.508,5,14,0.357,15,19,0.789,8,20,28,21,4,5,9,16,-5,L,2013
22013,1021300042,2013-06-21,MIN @ LAS,1611661324,MIN,Minnesota Lynx,200,59,22,63,0.349,2,14,0.143,13,21,0.619,5,26,31,10,5,7,16,16,-28,L,1611661320,LAS,Los Angeles Sparks,200,87,35,73,0.479,4,9,0.444,13,20,0.65,8,35,43,22,8,5,14,23,28,W,2013
22013,1021300041,2013-06-21,WAS @ PHO,1611661322,WAS,Washington Mystics,200,82,29,72,0.403,4,12,0.333,20,23,0.87,10,23,33,15,4,3,10,20,-8,L,1611661317,PHO,Phoenix Mercury,200,90,32,62,0.516,5,17,0.294,21,23,0.913,3,29,32,17,6,7,12,22,8,W,2013
22013,1021300039,2013-06-20,CHI @ TUL,1611661329,CHI,Chicago Sky,201,74,25,64,0.391,6,16,0.375,18,25,0.72,13,27,40,13,6,7,15,21,-9,L,1611661321,TUL,Tulsa Shock,199,83,27,70,0.386,10,28,0.357,19,27,0.704,11,20,31,15,11,2,9,18,9,W,2013
22013,1021300038,2013-06-19,MIN @ PHO,1611661324,MIN,Minnesota Lynx,200,80,32,74,0.432,1,6,0.167,15,17,0.882,17,31,48,15,8,2,10,16,11,W,1611661317,PHO,Phoenix Mercury,201,69,22,64,0.344,4,21,0.19,21,21,1,6,20,26,11,4,0,8,18,-11,L,2013
22013,1021300037,2013-06-18,WAS @ SEA,1611661322,WAS,Washington Mystics,225,86,31,63,0.492,2,7,0.286,22,26,0.846,9,19,28,18,7,3,15,26,-10,L,1611661328,SEA,Seattle Storm,225,96,32,65,0.492,9,23,0.391,23,24,0.958,8,18,26,14,6,3,12,21,10,W,2013
22013,1021300035,2013-06-16,PHO @ TUL,1611661317,PHO,Phoenix Mercury,225,108,37,74,0.5,10,23,0.435,24,26,0.923,13,28,41,20,5,6,13,21,5,W,1611661321,TUL,Tulsa Shock,224,103,36,86,0.419,13,34,0.382,18,19,0.947,16,19,35,20,8,3,10,24,-5,L,2013
22013,1021300033,2013-06-16,IND @ WAS,1611661325,IND,Indiana Fever,200,60,22,62,0.355,2,10,0.2,14,19,0.737,8,21,29,12,7,4,10,19,-4,L,1611661322,WAS,Washington Mystics,201,64,22,57,0.386,4,9,0.444,16,19,0.842,6,31,37,12,5,7,16,19,4,W,2013
22013,1021300034,2013-06-16,CHI @ ATL,1611661329,CHI,Chicago Sky,200,74,27,71,0.38,2,9,0.222,18,19,0.947,15,24,39,12,4,2,17,22,-14,L,1611661330,ATL,Atlanta Dream,200,88,32,69,0.464,7,13,0.538,17,24,0.708,8,21,29,20,12,9,8,19,14,W,2013
22013,1021300036,2013-06-16,SEA @ CON,1611661328,SEA,Seattle Storm,200,78,32,64,0.5,6,13,0.462,8,13,0.615,11,24,35,14,5,2,13,15,12,W,1611661323,CON,Connecticut Sun,201,66,25,61,0.41,2,10,0.2,14,16,0.875,8,19,27,12,9,4,10,16,-12,L,2013
22013,1021300032,2013-06-15,SAN @ LAS,1611661319,SAN,San Antonio Silver Stars,200,48,16,53,0.302,4,16,0.25,12,17,0.706,10,18,28,11,6,0,22,14,-36,L,1611661320,LAS,Los Angeles Sparks,200,84,36,61,0.59,3,7,0.429,9,13,0.692,7,21,28,23,15,3,15,21,36,W,2013
22013,1021300029,2013-06-14,CON @ NYL,1611661323,CON,Connecticut Sun,200,68,26,75,0.347,8,20,0.4,8,11,0.727,7,29,36,18,9,7,11,19,-10,L,1611661313,NYL,New York Liberty,199,78,28,73,0.384,6,12,0.5,16,25,0.64,20,37,57,14,6,4,16,14,10,W,2013
22013,1021300031,2013-06-14,LAS @ PHO,1611661320,LAS,Los Angeles Sparks,200,81,30,73,0.411,2,11,0.182,19,29,0.655,12,23,35,11,5,2,10,20,-16,L,1611661317,PHO,Phoenix Mercury,200,97,36,72,0.5,9,25,0.36,16,19,0.842,8,28,36,18,8,7,14,22,16,W,2013
22013,1021300030,2013-06-14,MIN @ TUL,1611661324,MIN,Minnesota Lynx,200,83,36,72,0.5,5,15,0.333,6,10,0.6,15,33,48,16,2,5,13,19,9,W,1611661321,TUL,Tulsa Shock,200,74,27,71,0.38,8,15,0.533,12,18,0.667,13,17,30,16,6,1,5,17,-9,L,2013
22013,1021300028,2013-06-14,SEA @ ATL,1611661328,SEA,Seattle Storm,199,59,21,62,0.339,7,19,0.368,10,12,0.833,7,28,35,13,9,5,18,16,-9,L,1611661330,ATL,Atlanta Dream,200,68,28,67,0.418,2,9,0.222,10,15,0.667,7,30,37,16,12,8,14,10,9,W,2013
22013,1021300027,2013-06-12,CON @ IND,1611661323,CON,Connecticut Sun,200,73,32,63,0.508,3,9,0.333,6,10,0.6,9,31,40,16,7,6,17,17,12,W,1611661325,IND,Indiana Fever,200,61,23,67,0.343,4,14,0.286,11,16,0.688,12,18,30,9,10,2,11,16,-12,L,2013
22013,1021300026,2013-06-11,SAN @ MIN,1611661319,SAN,San Antonio Silver Stars,201,72,28,73,0.384,5,15,0.333,11,14,0.786,13,16,29,18,8,6,12,24,-15,L,1611661324,MIN,Minnesota Lynx,197,87,28,63,0.444,6,10,0.6,25,26,0.962,11,29,40,16,5,4,15,17,15,W,2013
22013,1021300025,2013-06-09,SAN @ CHI,1611661319,SAN,San Antonio Silver Stars,200,70,27,86,0.314,9,21,0.429,7,9,0.778,10,21,31,18,11,5,7,25,-2,L,1611661329,CHI,Chicago Sky,200,72,25,59,0.424,7,13,0.538,15,23,0.652,7,38,45,17,3,12,19,21,2,W,2013
22013,1021300024,2013-06-09,ATL @ NYL,1611661330,ATL,Atlanta Dream,201,67,24,66,0.364,3,12,0.25,16,19,0.842,11,24,35,12,11,8,18,14,-9,L,1611661313,NYL,New York Liberty,200,76,32,75,0.427,3,12,0.25,9,13,0.692,12,24,36,22,8,1,15,19,9,W,2013
22013,1021300021,2013-06-08,PHO @ IND,1611661317,PHO,Phoenix Mercury,201,82,31,65,0.477,6,20,0.3,14,20,0.7,13,29,42,20,9,7,14,17,15,W,1611661325,IND,Indiana Fever,201,67,25,67,0.373,8,15,0.533,9,15,0.6,9,21,30,12,10,2,13,18,-15,L,2013
22013,1021300023,2013-06-08,TUL @ LAS,1611661321,TUL,Tulsa Shock,224,69,27,67,0.403,4,15,0.267,11,12,0.917,8,20,28,22,8,4,21,18,-7,L,1611661320,LAS,Los Angeles Sparks,224,76,28,63,0.444,4,17,0.235,16,20,0.8,11,29,40,15,15,9,20,21,7,W,2013
22013,1021300022,2013-06-08,MIN @ WAS,1611661324,MIN,Minnesota Lynx,200,80,30,78,0.385,7,18,0.389,13,21,0.619,16,25,41,21,9,5,13,22,-5,L,1611661322,WAS,Washington Mystics,200,85,30,61,0.492,4,11,0.364,21,28,0.75,6,28,34,18,4,4,14,17,5,W,2013
22013,1021300018,2013-06-07,NYL @ ATL,1611661313,NYL,New York Liberty,201,56,24,65,0.369,1,8,0.125,7,11,0.636,13,22,35,12,5,3,19,14,-19,L,1611661330,ATL,Atlanta Dream,202,75,30,73,0.411,3,14,0.214,12,17,0.706,14,27,41,20,14,2,13,12,19,W,2013
22013,1021300019,2013-06-07,CHI @ SAN,1611661329,CHI,Chicago Sky,199,69,27,70,0.386,3,17,0.176,12,15,0.8,13,27,40,11,5,6,14,16,-12,L,1611661319,SAN,San Antonio Silver Stars,200,81,33,73,0.452,4,11,0.364,11,14,0.786,7,29,36,21,6,5,11,18,12,W,2013
22013,1021300020,2013-06-07,TUL @ SEA,1611661321,TUL,Tulsa Shock,199,67,23,54,0.426,4,14,0.286,17,20,0.85,7,29,36,13,7,4,13,13,9,W,1611661328,SEA,Seattle Storm,201,58,24,62,0.387,0,17,0,10,14,0.714,8,18,26,9,5,1,10,17,-9,L,2013
22013,1021300017,2013-06-07,WAS @ CON,1611661322,WAS,Washington Mystics,201,66,24,63,0.381,3,10,0.3,15,18,0.833,6,28,34,12,8,6,11,17,4,W,1611661323,CON,Connecticut Sun,200,62,27,76,0.355,1,6,0.167,7,11,0.636,14,26,40,17,6,7,11,16,-4,L,2013
22013,1021300016,2013-06-06,PHO @ MIN,1611661317,PHO,Phoenix Mercury,201,79,26,63,0.413,6,22,0.273,21,25,0.84,4,26,30,16,3,2,11,22,-20,L,1611661324,MIN,Minnesota Lynx,199,99,36,81,0.444,7,19,0.368,20,24,0.833,17,24,41,30,6,6,6,21,20,W,2013
22013,1021300015,2013-06-05,IND @ NYL,1611661325,IND,Indiana Fever,226,68,26,71,0.366,5,20,0.25,11,14,0.786,9,21,30,13,15,2,17,25,-7,L,1611661313,NYL,New York Liberty,224,75,24,50,0.48,3,9,0.333,24,29,0.828,4,29,33,9,9,3,21,14,7,W,2013
22013,1021300014,2013-06-02,PHO @ SEA,1611661317,PHO,Phoenix Mercury,199,72,32,65,0.492,1,4,0.25,7,10,0.7,7,22,29,13,3,3,12,21,-3,L,1611661328,SEA,Seattle Storm,200,75,27,63,0.429,8,19,0.421,13,17,0.765,8,24,32,12,2,1,14,16,3,W,2013
22013,1021300012,2013-06-02,ATL @ WAS,1611661330,ATL,Atlanta Dream,201,73,27,69,0.391,3,13,0.231,16,20,0.8,16,24,40,20,16,5,18,15,10,W,1611661322,WAS,Washington Mystics,202,63,27,69,0.391,0,5,0,9,10,0.9,12,22,34,14,11,4,21,16,-10,L,2013
22013,1021300013,2013-06-02,TUL @ CHI,1611661321,TUL,Tulsa Shock,200,71,26,64,0.406,5,13,0.385,14,20,0.7,2,23,25,14,9,5,12,15,-21,L,1611661329,CHI,Chicago Sky,200,92,37,71,0.521,9,19,0.474,9,12,0.75,7,33,40,22,8,9,14,16,21,W,2013
22013,1021300011,2013-06-01,LAS @ SAN,1611661320,LAS,Los Angeles Sparks,201,78,31,69,0.449,4,20,0.2,12,12,1,6,30,36,18,8,7,12,23,-5,L,1611661319,SAN,San Antonio Silver Stars,201,83,30,67,0.448,4,11,0.364,19,31,0.613,10,27,37,15,10,2,11,14,5,W,2013
22013,1021300010,2013-06-01,CON @ MIN,1611661323,CON,Connecticut Sun,200,74,28,78,0.359,8,18,0.444,10,12,0.833,18,19,37,20,5,1,14,15,-16,L,1611661324,MIN,Minnesota Lynx,201,90,37,74,0.5,5,11,0.455,11,16,0.688,15,24,39,24,9,8,10,12,16,W,2013
22013,1021300008,2013-05-31,TUL @ NYL,1611661321,TUL,Tulsa Shock,224,76,22,75,0.293,8,31,0.258,24,29,0.828,19,21,40,13,9,5,16,15,-2,L,1611661313,NYL,New York Liberty,226,78,35,68,0.515,3,10,0.3,5,12,0.417,11,26,37,17,9,8,24,21,2,W,2013
22013,1021300007,2013-05-31,ATL @ IND,1611661330,ATL,Atlanta Dream,200,86,34,68,0.5,4,16,0.25,14,17,0.824,12,24,36,19,12,8,13,16,9,W,1611661325,IND,Indiana Fever,199,77,28,66,0.424,8,20,0.4,13,16,0.813,11,18,29,15,7,4,13,16,-9,L,2013
22013,1021300009,2013-05-31,CON @ CHI,1611661323,CON,Connecticut Sun,199,75,34,85,0.4,5,18,0.278,2,5,0.4,12,20,32,16,7,4,6,16,-11,L,1611661329,CHI,Chicago Sky,200,86,32,70,0.457,4,11,0.364,18,20,0.9,14,32,46,16,2,5,13,12,11,W,2013
22013,1021300005,2013-05-27,WAS @ TUL,1611661322,WAS,Washington Mystics,225,95,31,67,0.463,7,16,0.438,26,38,0.684,7,27,34,17,12,2,14,19,5,W,1611661321,TUL,Tulsa Shock,224,90,32,74,0.432,8,16,0.5,18,22,0.818,9,27,36,25,6,4,15,26,-5,L,2013
22013,1021300006,2013-05-27,CHI @ PHO,1611661329,CHI,Chicago Sky,200,102,37,73,0.507,8,16,0.5,20,23,0.87,13,28,41,15,8,6,12,18,22,W,1611661317,PHO,Phoenix Mercury,200,80,29,68,0.426,4,13,0.308,18,20,0.9,7,22,29,13,6,7,14,21,-22,L,2013
22013,1021300004,2013-05-26,SEA @ LAS,1611661328,SEA,Seattle Storm,199,69,28,69,0.406,3,17,0.176,10,15,0.667,7,15,22,16,2,3,12,28,-33,L,1611661320,LAS,Los Angeles Sparks,199,102,36,58,0.621,6,8,0.75,24,34,0.706,5,21,26,26,8,7,8,15,33,W,2013
22013,1021300003,2013-05-25,NYL @ CON,1611661313,NYL,New York Liberty,199,69,27,71,0.38,5,10,0.5,10,10,1,8,29,37,16,6,1,16,17,-12,L,1611661323,CON,Connecticut Sun,201,81,31,78,0.397,10,26,0.385,9,11,0.818,14,28,42,17,8,4,10,10,12,W,2013
22013,1021300002,2013-05-25,TUL @ ATL,1611661321,TUL,Tulsa Shock,201,81,24,64,0.375,5,16,0.313,28,30,0.933,9,22,31,14,10,2,22,23,-17,L,1611661330,ATL,Atlanta Dream,201,98,38,72,0.528,3,9,0.333,19,24,0.792,12,29,41,20,14,4,15,23,17,W,2013
22013,1021300001,2013-05-24,IND @ SAN,1611661325,IND,Indiana Fever,201,79,32,65,0.492,5,16,0.313,10,11,0.909,11,21,32,17,10,6,15,17,15,W,1611661319,SAN,San Antonio Silver Stars,201,64,24,61,0.393,5,19,0.263,11,16,0.688,13,16,29,15,8,3,15,18,-15,L,2013
42013,1041300303,2013-10-10,MIN @ ATL,1611661324,MIN,Minnesota Lynx,200,86,29,55,0.527,2,7,0.286,26,31,0.839,5,25,30,16,4,6,13,17,9,W,1611661330,ATL,Atlanta Dream,200,77,29,68,0.426,9,17,0.529,10,17,0.588,8,21,29,18,7,4,16,20,-9,L,2013
42013,1041300302,2013-10-08,ATL @ MIN,1611661330,ATL,Atlanta Dream,200,63,24,67,0.358,3,10,0.3,12,19,0.632,4,18,22,13,12,0,14,27,-25,L,1611661324,MIN,Minnesota Lynx,202,88,33,58,0.569,0,1,0,22,31,0.71,8,32,40,23,6,4,20,16,25,W,2013
42013,1041300301,2013-10-06,ATL @ MIN,1611661330,ATL,Atlanta Dream,199,59,24,77,0.312,0,15,0,11,15,0.733,16,19,35,8,6,5,14,11,-25,L,1611661324,MIN,Minnesota Lynx,200,84,38,77,0.494,5,10,0.5,3,6,0.5,13,31,44,23,11,6,15,18,25,W,2013
42013,1041300212,2013-09-29,MIN @ PHO,1611661324,MIN,Minnesota Lynx,201,72,27,62,0.435,3,7,0.429,15,27,0.556,6,29,35,14,6,2,6,14,7,W,1611661317,PHO,Phoenix Mercury,200,65,25,68,0.368,2,21,0.095,13,15,0.867,10,33,43,14,4,3,12,21,-7,L,2013
42013,1041300202,2013-09-29,ATL @ IND,1611661330,ATL,Atlanta Dream,200,67,27,70,0.386,1,12,0.083,12,17,0.706,14,29,43,9,8,9,11,19,14,W,1611661325,IND,Indiana Fever,198,53,18,64,0.281,4,21,0.19,13,16,0.813,13,20,33,9,4,4,15,24,-14,L,2013
42013,1041300201,2013-09-26,IND @ ATL,1611661325,IND,Indiana Fever,199,79,28,58,0.483,5,14,0.357,18,23,0.783,10,21,31,18,6,5,16,18,-5,L,1611661330,ATL,Atlanta Dream,200,84,32,60,0.533,3,11,0.273,17,21,0.81,7,17,24,20,12,4,11,21,5,W,2013
42013,1041300211,2013-09-26,PHO @ MIN,1611661317,PHO,Phoenix Mercury,199,62,24,70,0.343,2,18,0.111,12,13,0.923,11,22,33,14,9,3,18,18,-23,L,1611661324,MIN,Minnesota Lynx,200,85,34,64,0.531,2,11,0.182,15,20,0.75,6,30,36,13,8,7,14,13,23,W,2013
42013,1041300133,2013-09-23,PHO @ LAS,1611661317,PHO,Phoenix Mercury,200,78,33,67,0.493,3,14,0.214,9,11,0.818,10,22,32,18,5,3,11,20,1,W,1611661320,LAS,Los Angeles Sparks,201,77,28,71,0.394,2,16,0.125,19,26,0.731,11,21,32,10,9,1,10,13,-1,L,2013
42013,1041300113,2013-09-23,WAS @ ATL,1611661322,WAS,Washington Mystics,199,72,23,56,0.411,7,17,0.412,19,23,0.826,8,16,24,15,8,2,18,26,-8,L,1611661330,ATL,Atlanta Dream,200,80,28,69,0.406,3,13,0.231,21,28,0.75,18,21,39,17,10,4,16,20,8,W,2013
42013,1041300122,2013-09-22,MIN @ SEA,1611661324,MIN,Minnesota Lynx,200,58,23,61,0.377,3,9,0.333,9,11,0.818,12,25,37,13,10,1,17,16,3,W,1611661328,SEA,Seattle Storm,199,55,23,55,0.418,3,17,0.176,6,11,0.545,5,27,32,7,9,0,14,16,-3,L,2013
42013,1041300102,2013-09-22,CHI @ IND,1611661329,CHI,Chicago Sky,200,57,17,57,0.298,1,8,0.125,22,28,0.786,7,23,30,7,7,2,10,24,-22,L,1611661325,IND,Indiana Fever,200,79,27,59,0.458,5,16,0.313,20,25,0.8,8,30,38,11,6,4,11,22,22,W,2013
42013,1041300112,2013-09-21,ATL @ WAS,1611661330,ATL,Atlanta Dream,200,63,25,71,0.352,2,11,0.182,11,14,0.786,18,35,53,16,6,2,13,23,18,W,1611661322,WAS,Washington Mystics,200,45,14,56,0.25,4,16,0.25,13,24,0.542,6,24,30,8,4,2,11,17,-18,L,2013
42013,1041300132,2013-09-21,LAS @ PHO,1611661320,LAS,Los Angeles Sparks,201,82,32,75,0.427,0,7,0,18,21,0.857,14,23,37,10,9,4,11,12,9,W,1611661317,PHO,Phoenix Mercury,200,73,28,69,0.406,1,14,0.071,16,18,0.889,12,23,35,16,5,5,17,21,-9,L,2013
42013,1041300121,2013-09-20,SEA @ MIN,1611661328,SEA,Seattle Storm,200,64,25,56,0.446,5,13,0.385,9,12,0.75,3,20,23,16,6,4,13,18,-16,L,1611661324,MIN,Minnesota Lynx,200,80,33,67,0.493,3,9,0.333,11,16,0.688,12,21,33,22,8,8,10,16,16,W,2013
42013,1041300101,2013-09-20,IND @ CHI,1611661325,IND,Indiana Fever,202,85,32,63,0.508,10,16,0.625,11,13,0.846,7,25,32,23,3,1,12,20,11,W,1611661329,CHI,Chicago Sky,200,72,24,58,0.414,3,9,0.333,21,24,0.875,5,16,21,17,8,8,9,16,-11,L,2013
42013,1041300111,2013-09-19,WAS @ ATL,1611661322,WAS,Washington Mystics,198,71,32,72,0.444,3,15,0.2,4,7,0.571,14,34,48,21,7,6,13,18,15,W,1611661330,ATL,Atlanta Dream,201,56,20,75,0.267,4,16,0.25,12,13,0.923,12,24,36,11,7,4,9,14,-15,L,2013
42013,1041300131,2013-09-19,PHO @ LAS,1611661317,PHO,Phoenix Mercury,200,86,34,67,0.507,4,13,0.308,14,20,0.7,4,23,27,20,8,1,8,18,11,W,1611661320,LAS,Los Angeles Sparks,199,75,30,73,0.411,0,14,0,15,20,0.75,13,26,39,12,2,2,16,19,-11,L,2013
