GAME_ID,GAME_DATE,GAME_STATUS,HOME_TEAM_ID,AWAY_TEAM_ID,HOME_SEED,AWAY_SEED,GAME_LABEL,GAME_SUB_LABEL,IF_NECESSARY
1012600001,2026-04-25,3,1611661313,1611661325,,,Preseason,,0
1012600005,2026-04-25,3,1611661331,1611661328,,,Preseason,,0
1012600008,2026-04-25,3,1611661317,1611661329,,,Preseason,,0
1012600009,2026-04-25,3,1611661322,1611661324,,,Preseason,,0
1012600012,2026-04-25,3,1611661320,15026,,,Preseason,,0
1012600017,2026-04-26,3,1611661319,15008,,,Preseason,,0
1012600013,2026-04-27,3,1611661324,15026,,,Preseason,,0
1012600003,2026-04-29,3,1611661332,1611661323,,,Preseason,,0
1012600006,2026-04-29,3,1611661328,1611661327,,,Preseason,,0
1012600014,2026-04-29,3,1611661317,15008,,,Preseason,,0
1012600015,2026-04-29,3,1611661329,1611661330,,,Preseason,,0
1012600002,2026-04-30,3,1611661325,1611661321,,,Preseason,,0
1012600018,2026-05-01,3,1611661324,1611661332,,,Preseason,,0
1012600011,2026-05-02,3,1611661325,15026,,,Preseason,,0
1012600004,2026-05-03,3,1611661323,1611661313,,,Preseason,,0
1012600007,2026-05-03,3,1611661321,1611661319,,,Preseason,,0
1012600010,2026-05-03,3,1611661327,1611661320,,,Preseason,,0
1012600016,2026-05-03,3,1611661330,1611661322,,,Preseason,,0
1022600001,2026-05-08,3,1611661313,1611661323,,,,,0
1022600002,2026-05-08,3,1611661332,1611661322,,,,,0
1022600003,2026-05-08,3,1611661328,1611661331,,,,,0
1022600004,2026-05-09,3,1611661325,1611661321,,,,,0
1022600005,2026-05-09,3,1611661319,1611661317,,,,,0
1022600006,2026-05-09,3,1611661327,1611661329,,,,,0
1022600010,2026-05-09,3,1611661324,1611661330,,,,,0
1022600007,2026-05-10,3,1611661323,1611661328,,,,,0
1022600008,2026-05-10,3,1611661322,1611661313,,,,,0
1022600009,2026-05-10,3,1611661320,1611661319,,,,,0
1022600011,2026-05-10,3,1611661331,1611661317,,,,,0
1022600012,2026-05-12,3,1611661321,1611661330,,,,,0
1022600013,2026-05-12,3,1611661317,1611661324,,,,,0
1022600014,2026-05-12,3,1611661327,1611661313,,,,,0
1022600015,2026-05-13,3,1611661332,1611661328,,,,,0
1022600016,2026-05-13,3,1611661323,1611661319,,,,,0
1022600017,2026-05-13,3,1611661331,1611661329,,,,,0
1022600018,2026-05-13,3,1611661320,1611661325,,,,,0
1022600019,2026-05-14,3,1611661321,1611661324,,,,,0
1022600020,2026-05-14,3,1611661327,1611661313,,,,,0
1022600021,2026-05-15,3,1611661323,1611661319,,,,,0
1022600022,2026-05-15,3,1611661325,1611661322,,,,,0
1022600023,2026-05-15,3,1611661320,1611661332,,,,,0
1022600024,2026-05-15,3,1611661317,1611661329,,,,,0
1022600025,2026-05-17,3,1611661324,1611661329,,,,,0
1022600026,2026-05-17,3,1611661330,1611661319,,,,,0
1022600027,2026-05-17,3,1611661325,1611661328,,,,,0
1022600028,2026-05-17,3,1611661320,1611661332,,,,,0
1022600029,2026-05-18,3,1611661321,1611661322,,,,,0
1022600030,2026-05-18,3,1611661327,1611661323,,,,,0
1022600031,2026-05-19,3,1611661317,1611661332,,,,,0
1022600032,2026-05-20,3,1611661325,1611661327,,,,,0
1022600033,2026-05-20,3,1611661329,1611661321,,,,,0
1022600034,2026-05-20,3,1611661328,1611661323,,,,,0
1022600035,2026-05-21,3,1611661313,1611661331,,,,,0
1022600036,2026-05-21,3,1611661324,1611661332,,,,,0
1022600037,2026-05-21,3,1611661317,1611661320,,,,,0
1022600038,2026-05-22,3,1611661330,1611661321,,,,,0
1022600039,2026-05-22,3,1611661325,1611661331,,,,,0
1022600040,2026-05-22,3,1611661328,1611661323,,,,,0
1022600041,2026-05-23,3,1611661329,1611661324,,,,,0
1022600042,2026-05-23,3,1611661332,1611661327,,,,,0
1022600043,2026-05-23,3,1611661319,1611661320,,,,,0
1022600044,2026-05-24,3,1611661330,1611661317,,,,,0
1022600045,2026-05-24,3,1611661313,1611661321,,,,,0
1022600046,2026-05-24,3,1611661328,1611661322,,,,,0
1022600047,2026-05-25,3,1611661313,1611661327,,,,,0
1022600048,2026-05-25,3,1611661331,1611661323,,,,,0
1022600049,2026-05-27,3,1611661313,1611661317,,,,,0
1022600050,2026-05-27,3,1611661329,1611661332,,,,,0
1022600051,2026-05-27,3,1611661324,1611661330,,,,,0
1022600052,2026-05-27,3,1611661327,1611661323,,,,,0
1022600053,2026-05-27,3,1611661328,1611661322,,,,,0
1022600054,2026-05-28,3,1611661321,1611661319,,,,,0
1022600055,2026-05-28,3,1611661331,1611661325,,,,,0
1022600056,2026-05-29,3,1611661313,1611661317,,,,,0
1022600057,2026-05-29,3,1611661322,1611661320,,,,,0
1022600058,2026-05-29,3,1611661329,1611661324,,,,,0
1022600059,2026-05-29,3,1611661327,1611661330,,,,,0
1022600060,2026-05-30,3,1611661332,1611661328,,,,,0
1022600061,2026-05-30,3,1611661323,1611661320,,,,,0
1022600062,2026-05-30,3,1611661327,1611661325,,,,,0
1022600063,2026-05-31,3,1611661331,1611661319,,,,,0
1022600064,2026-06-01,3,1611661321,1611661328,,,Commissioner's Cup,,0
1022600065,2026-06-01,3,1611661317,1611661324,,,Commissioner's Cup,,0
1022600066,2026-06-02,3,1611661330,1611661323,,,Commissioner's Cup,,0
1022600067,2026-06-02,3,1611661322,1611661329,,,Commissioner's Cup,,0
1022600068,2026-06-02,3,1611661331,1611661327,,,Commissioner's Cup,,0
1022600069,2026-06-02,3,1611661320,1611661319,,,Commissioner's Cup,,0
1022600070,2026-06-03,3,1611661313,1611661332,,,Commissioner's Cup,,0
1022600071,2026-06-03,3,1611661328,1611661317,,,Commissioner's Cup,,0
1022600072,2026-06-04,3,1611661325,1611661330,,,Commissioner's Cup,,0
1022600073,2026-06-04,3,1611661324,1611661331,,,Commissioner's Cup,,0
1022600074,2026-06-05,3,1611661329,1611661323,,,Commissioner's Cup,,0
1022600075,2026-06-05,3,1611661320,1611661321,,,Commissioner's Cup,,0
1022600076,2026-06-05,3,1611661327,1611661317,,,Commissioner's Cup,,0
1022600077,2026-06-06,3,1611661324,1611661328,,,Commissioner's Cup,,0
1022600078,2026-06-06,3,1611661319,1611661331,,,Commissioner's Cup,,0
1022600079,2026-06-06,3,1611661330,1611661322,,,Commissioner's Cup,,0
1022600080,2026-06-06,3,1611661313,1611661325,,,Commissioner's Cup,,0
1022600081,2026-06-07,3,1611661332,1611661329,,,Commissioner's Cup,,0
1022600082,2026-06-07,3,1611661320,1611661327,,,Commissioner's Cup,,0
1022600083,2026-06-08,3,1611661323,1611661313,,,Commissioner's Cup,,0
1022600084,2026-06-08,3,1611661322,1611661325,,,Commissioner's Cup,,0
1022600085,2026-06-08,3,1611661319,1611661328,,,Commissioner's Cup,,0
1022600086,2026-06-09,3,1611661329,1611661330,,,Commissioner's Cup,,0
1022600087,2026-06-09,3,1611661324,1611661321,,,Commissioner's Cup,,0
1022600088,2026-06-09,3,1611661331,1611661317,,,Commissioner's Cup,,0
1022600089,2026-06-10,3,1611661332,1611661323,,,Commissioner's Cup,,0
1022600090,2026-06-10,3,1611661328,1611661320,,,Commissioner's Cup,,0
1022600091,2026-06-11,3,1611661325,1611661329,,,Commissioner's Cup,,0
1022600092,2026-06-11,3,1611661330,1611661313,,,Commissioner's Cup,,0
1022600093,2026-06-11,3,1611661321,1611661317,,,Commissioner's Cup,,0
1022600094,2026-06-11,3,1611661327,1611661319,,,Commissioner's Cup,,0
1022600095,2026-06-12,3,1611661322,1611661332,,,Commissioner's Cup,,0
1022600096,2026-06-12,3,1611661328,1611661331,,,Commissioner's Cup,,0
1022600097,2026-06-13,3,1611661323,1611661325,,,Commissioner's Cup,,0
1022600098,2026-06-13,3,1611661319,1611661324,,,Commissioner's Cup,,0
1022600099,2026-06-13,3,1611661327,1611661321,,,Commissioner's Cup,,0
1022600100,2026-06-13,3,1611661317,1611661320,,,Commissioner's Cup,,0
1022600101,2026-06-14,3,1611661313,1611661322,,,Commissioner's Cup,,0
1022600102,2026-06-14,3,1611661332,1611661330,,,Commissioner's Cup,,0
1022600103,2026-06-15,3,1611661321,1611661319,,,Commissioner's Cup,,0
1022600104,2026-06-15,3,1611661324,1611661327,,,Commissioner's Cup,,0
1022600105,2026-06-15,3,1611661331,1611661320,,,Commissioner's Cup,,0
1022600106,2026-06-16,3,1611661325,1611661332,,,Commissioner's Cup,,0
1022600107,2026-06-17,3,1611661323,1611661322,,,Commissioner's Cup,,0
1022600108,2026-06-17,3,1611661329,1611661313,,,Commissioner's Cup,,0
1022600109,2026-06-17,3,1611661331,1611661321,,,Commissioner's Cup,,0
1022600110,2026-06-17,3,1611661320,1611661324,,,Commissioner's Cup,,0
1022600111,2026-06-17,3,1611661317,1611661319,,,Commissioner's Cup,,0
1022600112,2026-06-17,3,1611661327,1611661328,,,Commissioner's Cup,,0
1022600113,2026-06-18,3,1611661325,1611661330,,,,,0
1022600114,2026-06-19,3,1611661323,1611661332,,,,,0
1022600115,2026-06-19,3,1611661313,1611661322,,,,,0
1022600116,2026-06-19,3,1611661331,1611661324,,,,,0
1022600117,2026-06-20,3,1611661330,1611661325,,,,,0
1022600118,2026-06-20,3,1611661317,1611661328,,,,,0
1022600119,2026-06-20,3,1611661321,1611661329,,,,,0
1022600120,2026-06-21,3,1611661319,1611661331,,,,,0
1022600121,2026-06-21,3,1611661324,1611661322,,,,,0
1022600122,2026-06-21,3,1611661320,1611661313,,,,,0
1022600123,2026-06-22,3,1611661323,1611661329,,,,,0
1022600124,2026-06-22,3,1611661330,1611661332,,,,,0
1022600125,2026-06-22,3,1611661325,1611661317,,,,,0
1022600126,2026-06-22,3,1611661328,1611661321,,,,,0
1022600127,2026-06-23,3,1611661319,1611661313,,,,,0
1022600128,2026-06-24,3,1611661325,1611661317,,,,,0
1022600129,2026-06-24,3,1611661322,1611661324,,,,,0
1022600130,2026-06-24,3,1611661329,1611661327,,,,,0
1022600131,2026-06-24,3,1611661331,1611661330,,,,,0
1022600132,2026-06-25,3,1611661332,1611661320,,,,,0
1022600133,2026-06-25,3,1611661319,1611661321,,,,,0
1022600134,2026-06-25,3,1611661328,1611661313,,,,,0
1022600135,2026-06-26,3,1611661323,1611661322,,,,,0
1022600136,2026-06-26,3,1611661329,1611661327,,,,,0
1022600137,2026-06-26,3,1611661331,1611661330,,,,,0
1022600138,2026-06-27,3,1611661332,1611661317,,,,,0
1022600139,2026-06-27,3,1611661325,1611661320,,,,,0
1022600140,2026-06-27,3,1611661328,1611661330,,,,,0
1022600141,2026-06-28,3,1611661321,1611661324,,,,,0
1022600142,2026-06-28,3,1611661322,1611661327,,,,,0
1022600143,2026-06-28,3,1611661329,1611661319,,,,,0
1022600144,2026-06-28,3,1611661331,1611661313,,,,,0
1052600001,2026-06-30,3,1611661313,1611661319,8,3,Commissioner's Cup,Championship,0
1022600145,2026-07-02,3,1611661322,1611661330,,,,,0
1022600146,2026-07-02,3,1611661323,1611661321,,,,,0
1022600147,2026-07-02,3,1611661317,1611661328,,,,,0
1022600148,2026-07-03,3,1611661313,1611661324,,,,,0
1022600149,2026-07-03,3,1611661319,1611661329,,,,,0
1022600150,2026-07-04,3,1611661330,1611661331,,,,,0
1022600151,2026-07-04,3,1611661328,1611661327,,,,,0
1022600152,2026-07-05,3,1611661332,1611661321,,,,,0
1022600153,2026-07-05,3,1611661319,1611661325,,,,,0
1022600154,2026-07-06,3,1611661322,1611661331,,,,,0
1022600155,2026-07-06,3,1611661324,1611661323,,,,,0
1022600156,2026-07-06,3,1611661320,1611661328,,,,,0
1022600157,2026-07-07,3,1611661313,1611661321,,,,,0
1022600158,2026-07-07,3,1611661317,1611661329,,,,,0
1022600159,2026-07-08,3,1611661332,1611661331,,,,,0
1022600160,2026-07-08,3,1611661323,1611661324,,,,,0
1022600161,2026-07-08,3,1611661320,1611661325,,,,,0
1022600162,2026-07-09,3,1611661330,1611661328,,,,,0
1022600163,2026-07-09,3,1611661317,1611661325,,,,,0
1022600164,2026-07-09,3,1611661327,1611661319,,,,,0
1022600165,2026-07-10,3,1611661323,1611661331,,,,,0
1022600166,2026-07-10,3,1611661332,1611661321,,,,,0
1022600167,2026-07-10,3,1611661320,1611661329,,,,,0
1022600168,2026-07-11,3,1611661324,1611661313,,,,,0
1022600169,2026-07-11,3,1611661319,1611661317,,,,,0
1022600170,2026-07-11,3,1611661330,1611661327,,,,,0
1022600171,2026-07-12,3,1611661332,1611661313,,,,,0
1022600172,2026-07-12,3,1611661322,1611661328,,,,,0
1022600173,2026-07-12,3,1611661321,1611661329,,,,,0
1022600174,2026-07-12,3,1611661319,1611661325,,,,,0
1022600175,2026-07-13,3,1611661330,1611661320,,,,,0
1022600176,2026-07-13,3,1611661324,1611661317,,,,,0
1022600177,2026-07-14,3,1611661323,1611661327,,,,,0
1022600178,2026-07-14,3,1611661332,1611661322,,,,,0
1022600179,2026-07-15,3,1611661329,1611661328,,,,,0
1022600180,2026-07-15,3,1611661324,1611661320,,,,,0
1022600181,2026-07-15,3,1611661325,1611661331,,,,,0
1022600182,2026-07-16,3,1611661322,1611661327,,,,,0
1022600184,2026-07-17,3,1611661325,1611661328,,,,,0
1022600185,2026-07-17,3,1611661332,1611661330,,,,,0
1022600186,2026-07-17,3,1611661329,1611661320,,,,,0
1022600187,2026-07-17,3,1611661317,1611661323,,,,,0
1022600188,2026-07-18,3,1611661325,1611661313,,,,,0
1022600189,2026-07-18,3,1611661324,1611661327,,,,,0
1022600190,2026-07-18,3,1611661331,1611661322,,,,,0
1022600191,2026-07-19,3,1611661321,1611661320,,,,,0
1022600192,2026-07-19,3,1611661330,1611661329,,,,,0
1022600193,2026-07-19,3,1611661317,1611661323,,,,,0
1022600183,2026-07-20,3,1611661321,1611661313,,,,,0
1022600194,2026-07-20,3,1611661332,1611661319,,,,,0
1022600195,2026-07-20,3,1611661331,1611661322,,,,,0
1022600196,2026-07-20,3,1611661328,1611661324,,,,,0
1022600197,2026-07-22,3,1611661320,1611661317,,,,,0
1022600198,2026-07-22,3,1611661328,1611661324,,,,,0
1022600199,2026-07-22,3,1611661313,1611661329,,,,,0
1022600200,2026-07-22,3,1611661322,1611661319,,,,,0
1022600201,2026-07-22,3,1611661325,1611661323,,,,,0
1022600202,2026-07-22,3,1611661327,1611661321,,,,,0
1032600001,2026-07-25,3,1611665415,1611665416,,,2026 AT&T WNBA All-Star Game,,0
1022600203,2026-07-28,3,1611661322,1611661323,,,,,0
1022600204,2026-07-28,3,1611661324,1611661332,,,,,0
1022600205,2026-07-28,3,1611661328,1611661325,,,,,0
1022600206,2026-07-28,3,1611661319,1611661327,,,,,0
1022600207,2026-07-28,3,1611661320,1611661313,,,,,0
1022600208,2026-07-29,3,1611661321,1611661330,,,,,0
1022600209,2026-07-29,3,1611661317,1611661331,,,,,0
1022600210,2026-07-30,3,1611661332,1611661324,,,,,0
1022600211,2026-07-30,3,1611661329,1611661323,,,,,0
1022600212,2026-07-30,3,1611661319,1611661313,,,,,0
1022600213,2026-07-31,3,1611661330,1611661328,,,,,0
1022600214,2026-07-31,3,1611661322,1611661321,,,,,0
1022600215,2026-07-31,3,1611661327,1611661325,,,,,0
1022600216,2026-08-01,3,1611661329,1611661319,,,,,0
1022600217,2026-08-01,3,1611661317,1611661313,,,,,0
1022600218,2026-08-02,3,1611661324,1611661325,,,,,0
1022600219,2026-08-02,3,1611661327,1611661320,,,,,0
1022600220,2026-08-02,3,1611661321,1611661323,,,,,0
1022600221,2026-08-02,3,1611661331,1611661332,,,,,0
1022600222,2026-08-03,3,1611661330,1611661319,,,,,0
1022600223,2026-08-03,3,1611661313,1611661328,,,,,0
1022600224,2026-08-03,3,1611661329,1611661317,,,,,0
1022600225,2026-08-04,3,1611661331,1611661332,,,,,0
1022600226,2026-08-05,3,1611661330,1611661317,,,,,0
1022600227,2026-08-05,3,1611661313,1611661328,,,,,0
1022600228,2026-08-05,3,1611661322,1611661321,,,,,0
1022600229,2026-08-05,3,1611661329,1611661320,,,,,0
1022600230,2026-08-06,3,1611661325,1611661319,,,,,0
1022600231,2026-08-06,3,1611661324,1611661320,,,,,0
1022600232,2026-08-06,3,1611661327,1611661332,,,,,0
1022600233,2026-08-07,3,1611661323,1611661317,,,,,0
1022600234,2026-08-07,3,1611661322,1611661330,,,,,0
1022600235,2026-08-07,3,1611661321,1611661331,,,,,0
1022600236,2026-08-08,3,1611661324,1611661319,,,,,0
1022600237,2026-08-08,3,1611661329,1611661325,,,,,0
1022600238,2026-08-08,3,1611661327,1611661328,,,,,0
1022600239,2026-08-09,3,1611661313,1611661319,,,,,0
1022600240,2026-08-09,3,1611661322,1611661317,,,,,0
1022600241,2026-08-09,3,1611661324,1611661321,,,,,0
1022600242,2026-08-09,3,1611661320,1611661331,,,,,0
1022600243,2026-08-10,3,1611661330,1611661332,,,,,0
1022600244,2026-08-10,3,1611661328,1611661329,,,,,0
1022600245,2026-08-11,3,1611661325,1611661313,,,,,0
1022600246,2026-08-11,3,1611661319,1611661322,,,,,0
1022600247,2026-08-11,3,1611661320,1611661317,,,,,0
1022600248,2026-08-12,3,1611661321,1611661332,,,,,0
1022600249,2026-08-12,3,1611661331,1611661329,,,,,0
1022600250,2026-08-12,3,1611661327,1611661324,,,,,0
1022600251,2026-08-13,3,1611661323,1611661330,,,,,0
1022600252,2026-08-13,3,1611661313,1611661320,,,,,0
1022600253,2026-08-13,3,1611661319,1611661322,,,,,0
1022600254,2026-08-14,3,1611661325,1611661321,,,,,0
1022600255,2026-08-14,3,1611661328,1611661327,,,,,0
1022600256,2026-08-15,3,1611661323,1611661313,,,,,0
1022600257,2026-08-15,3,1611661322,1611661320,,,,,0
1022600258,2026-08-15,3,1611661319,1611661324,,,,,0
1022600259,2026-08-16,3,1611661328,1611661329,,,,,0
1022600260,2026-08-16,3,1611661317,1611661327,,,,,0
1022600261,2026-08-16,3,1611661330,1611661325,,,,,0
1022600262,2026-08-17,3,1611661331,1611661321,,,,,0
1022600263,2026-08-18,3,1611661323,1611661320,,,,,0
1022600264,2026-08-18,3,1611661332,1611661325,,,,,0
1022600265,2026-08-18,3,1611661329,1611661313,,,,,0
1022600266,2026-08-18,3,1611661319,1611661330,,,,,0
1022600267,2026-08-19,3,1611661322,1611661332,,,,,0
1022600268,2026-08-19,3,1611661331,1611661324,,,,,0
1022600269,2026-08-20,3,1611661321,1611661325,,,,,0
1022600270,2026-08-20,3,1611661319,1611661323,,,,,0
1022600271,2026-08-20,3,1611661320,1611661330,,,,,0
1022600272,2026-08-21,3,1611661322,1611661324,,,,,0
1022600273,2026-08-21,3,1611661329,1611661331,,,,,0
1022600274,2026-08-21,3,1611661332,1611661327,,,,,0
1022600275,2026-08-22,3,1611661313,1611661325,,,,,0
1022600276,2026-08-22,3,1611661320,1611661323,,,,,0
1022600277,2026-08-22,3,1611661317,1611661330,,,,,0
1022600278,2026-08-23,3,1611661321,1611661328,,,,,0
1022600279,2026-08-23,3,1611661329,1611661325,,,,,0
1022600280,2026-08-23,3,1611661327,1611661322,,,,,0
1022600281,2026-08-23,3,1611661332,1611661319,,,,,0
1022600282,2026-08-24,3,1611661324,1611661331,,,,,0
1022600283,2026-08-24,3,1611661320,1611661330,,,,,0
1022600284,2026-08-25,3,1611661323,1611661329,,,,,0
1022600285,2026-08-25,3,1611661321,1611661327,,,,,0
1022600286,2026-08-25,3,1611661317,1611661322,,,,,0
1022600287,2026-08-26,3,1611661323,1611661331,,,,,0
1022600288,2026-08-26,3,1611661328,1611661332,,,,,0
1022600289,2026-08-27,3,1611661313,1611661331,,,,,0
1022600290,2026-08-27,3,1611661317,1611661322,,,,,0
1022600291,2026-08-28,3,1611661330,1611661327,,,,,0
1022600292,2026-08-28,3,1611661325,1611661323,,,,,0
1022600293,2026-08-28,3,1611661319,1611661332,,,,,0
1022600294,2026-08-28,3,1611661320,1611661322,,,,,0
1022600295,2026-08-29,3,1611661313,1611661329,,,,,0
1022600296,2026-08-29,3,1611661317,1611661332,,,,,0
1022600297,2026-08-30,3,1611661330,1611661324,,,,,0
1022600298,2026-08-30,3,1611661328,1611661320,,,,,0
1022600299,2026-08-30,3,1611661327,1611661331,,,,,0
1022600300,2026-08-30,3,1611661321,1611661323,,,,,0
1022600301,2026-09-17,3,1611661330,1611661323,,,,,0
1022600302,2026-09-17,3,1611661329,1611661322,,,,,0
1022600303,2026-09-17,3,1611661321,1611661320,,,,,0
1022600304,2026-09-17,3,1611661327,1611661317,,,,,0
1022600305,2026-09-17,3,1611661328,1611661319,,,,,0
1022600306,2026-09-18,3,1611661332,1611661325,,,,,0
1022600307,2026-09-18,3,1611661324,1611661313,,,,,0
1022600308,2026-09-18,3,1611661331,1611661327,,,,,0
1022600309,2026-09-19,3,1611661321,1611661317,,,,,0
1022600310,2026-09-19,3,1611661330,1611661329,,,,,0
1022600311,2026-09-19,3,1611661331,1611661328,,,,,0
1022600312,2026-09-20,3,1611661323,1611661324,,,,,0
1022600313,2026-09-20,3,1611661332,1611661313,,,,,0
1022600314,2026-09-20,3,1611661325,1611661322,,,,,0
1022600315,2026-09-20,3,1611661320,1611661327,,,,,0
1022600316,2026-09-20,3,1611661319,1611661328,,,,,0
1022600317,2026-09-21,3,1611661313,1611661330,,,,,0
1022600318,2026-09-21,3,1611661317,1611661321,,,,,0
1022600319,2026-09-22,3,1611661322,1611661323,,,,,0
1022600320,2026-09-22,3,1611661325,1611661324,,,,,0
1022600321,2026-09-22,3,1611661329,1611661332,,,,,0
1022600322,2026-09-22,3,1611661319,1611661320,,,,,0
1022600323,2026-09-22,3,1611661327,1611661331,,,,,0
1022600324,2026-09-23,3,1611661313,1611661330,,,,,0
1022600325,2026-09-23,3,1611661328,1611661321,,,,,0
1022600326,2026-09-24,3,1611661323,1611661332,,,,,0
1022600327,2026-09-24,3,1611661322,1611661329,,,,,0
1022600328,2026-09-24,3,1611661324,1611661325,,,,,0
1022600329,2026-09-24,3,1611661320,1611661331,,,,,0
1022600330,2026-09-24,3,1611661317,1611661319,,,,,0
1042600101,2026-09-27,3,1611661324,1611661313,1,8,First Round,Game 1,0
1042600111,2026-09-27,3,1611661331,1611661321,2,7,First Round,Game 1,0
1042600121,2026-09-27,3,1611661319,1611661325,3,6,First Round,Game 1,0
1042600131,2026-09-27,3,1611661330,1611661322,4,5,First Round,Game 1,0
1042600102,2026-09-29,3,1611661313,1611661324,8,1,First Round,Game 2,0
1042600122,2026-09-29,3,1611661325,1611661319,6,3,First Round,Game 2,0
1042600112,2026-09-30,3,1611661321,1611661331,7,2,First Round,Game 2,0
1042600132,2026-09-30,3,1611661322,1611661330,5,4,First Round,Game 2,0
1042600123,2026-10-01,1,1611661319,1611661325,3,6,First Round,Game 3,0
1042600113,2026-10-02,1,1611661331,1611661321,2,7,First Round,Game 3,0
1042600201,2026-10-04,1,1611661330,1611661313,4,8,Semifinals,Game 1,0
1042600211,2026-10-04,1,0,0,,,Semifinals,Game 1,0
1042600202,2026-10-07,1,1611661330,1611661313,4,8,Semifinals,Game 2,0
1042600212,2026-10-07,1,0,0,,,Semifinals,Game 2,0
1042600203,2026-10-09,1,1611661313,1611661330,8,4,Semifinals,Game 3,0
1042600213,2026-10-09,1,0,0,,,Semifinals,Game 3,0
1042600204,2026-10-11,1,1611661313,1611661330,8,4,Semifinals,Game 4,1
1042600214,2026-10-11,1,0,0,,,Semifinals,Game 4,1
1042600205,2026-10-14,1,1611661330,1611661313,4,8,Semifinals,Game 5,1
1042600215,2026-10-14,1,0,0,,,Semifinals,Game 5,1
1042600301,2026-10-17,1,0,0,,,WNBA Finals,Game 1,0
1042600302,2026-10-19,1,0,0,,,WNBA Finals,Game 2,0
1042600303,2026-10-22,1,0,0,,,WNBA Finals,Game 3,0
1042600304,2026-10-24,1,0,0,,,WNBA Finals,Game 4,0
1042600305,2026-10-26,1,0,0,,,WNBA Finals,Game 5,1
1042600306,2026-10-29,1,0,0,,,WNBA Finals,Game 6,1
1042600307,2026-10-31,1,0,0,,,WNBA Finals,Game 7,1
