SEASON_ID,PLAYER_ID,PLAYER_NAME,TEAM_ID,TEAM_ABBREVIATION,TEAM_NAME,GAME_ID,GAME_DATE,MATCHUP,WL,MIN,FGM,FGA,FG_PCT,FG3M,FG3A,FG3_PCT,FTM,FTA,FT_PCT,OREB,DREB,REB,AST,STL,BLK,TOV,PF,PTS,PLUS_MINUS,FANTASY_PTS,VIDEO_AVAILABLE
42026,203822,Rebekah Gardner,1611661313,NYL,New York Liberty,1042600101,2026-09-27,NYL @ MIN,W,11,2,4,0.5,0,1,0.0,0,0,,1,2,3,0,1,0,2,3,4,-3,8.6,1
42026,204296,Rebecca Allen,1611661313,NYL,New York Liberty,1042600101,2026-09-27,NYL @ MIN,W,6,0,1,0.0,0,1,0.0,0,0,,0,0,0,0,0,0,0,0,0,-5,0.0,1
42026,1627668,Breanna Stewart,1611661313,NYL,New York Liberty,1042600101,2026-09-27,NYL @ MIN,W,38,11,18,0.611,2,3,0.667,10,12,0.833,1,11,12,6,2,2,5,3,34,17,64.4,1
42026,1627673,Jonquel Jones,1611661313,NYL,New York Liberty,1042600101,2026-09-27,NYL @ MIN,W,26,2,5,0.4,2,3,0.667,2,2,1.0,2,3,5,3,1,1,1,2,8,4,23.5,1
42026,1629477,Sabrina Ionescu,1611661313,NYL,New York Liberty,1042600101,2026-09-27,NYL @ MIN,W,28,4,14,0.286,3,8,0.375,2,2,1.0,0,0,0,6,2,0,2,1,13,12,26.0,1
42026,1629546,Marine Johannes,1611661313,NYL,New York Liberty,1042600101,2026-09-27,NYL @ MIN,W,10,1,3,0.333,0,2,0.0,0,0,,0,0,0,2,0,0,0,1,2,5,5.0,1
42026,1629566,Han Xu,1611661313,NYL,New York Liberty,1042600101,2026-09-27,NYL @ MIN,W,12,2,2,1.0,1,1,1.0,0,0,,0,1,1,0,1,2,0,1,5,13,15.2,1
42026,1630142,Leonie Fiebich,1611661313,NYL,New York Liberty,1042600101,2026-09-27,NYL @ MIN,W,34,6,7,0.857,4,5,0.8,0,0,,0,8,8,3,1,1,3,4,16,21,33.1,1
42026,1630384,Raquel Carrera,1611661313,NYL,New York Liberty,1042600101,2026-09-27,NYL @ MIN,W,2,0,0,,0,0,,0,0,,0,0,0,0,1,0,1,1,0,-1,2.0,1
42026,1630469,Marine Fauthoux,1611661313,NYL,New York Liberty,1042600101,2026-09-27,NYL @ MIN,W,2,0,1,0.0,0,0,,2,2,1.0,0,0,0,0,0,0,1,0,2,-1,1.0,1
42026,1630993,Anneli Maley,1611661313,NYL,New York Liberty,1042600101,2026-09-27,NYL @ MIN,W,2,0,0,,0,0,,0,0,,0,1,1,0,0,0,0,0,0,-1,1.2,1
42026,1631136,Pauline Astier,1611661313,NYL,New York Liberty,1042600101,2026-09-27,NYL @ MIN,W,29,3,6,0.5,1,1,1.0,0,0,,1,7,8,5,1,0,4,4,7,19,23.1,1
42026,203825,Kayla McBride,1611661324,MIN,Minnesota Lynx,1042600101,2026-09-27,MIN vs. NYL,L,38,5,12,0.417,2,7,0.286,2,2,1.0,1,1,2,6,1,0,2,2,14,-17,26.4,1
42026,203827,Natasha Howard,1611661324,MIN,Minnesota Lynx,1042600101,2026-09-27,MIN vs. NYL,L,18,3,5,0.6,0,0,,2,4,0.5,1,1,2,2,0,0,2,5,8,-16,11.4,1
42026,1627675,Courtney Williams,1611661324,MIN,Minnesota Lynx,1042600101,2026-09-27,MIN vs. NYL,L,35,3,12,0.25,1,3,0.333,2,2,1.0,0,3,3,5,0,2,1,0,9,-18,25.1,1
42026,1628269,Nia Brodie,1611661324,MIN,Minnesota Lynx,1042600101,2026-09-27,MIN vs. NYL,L,19,6,7,0.857,4,5,0.8,0,1,0.0,0,1,1,0,0,1,0,4,16,-2,20.2,1
42026,1629483,Napheesa Collier,1611661324,MIN,Minnesota Lynx,1042600101,2026-09-27,MIN vs. NYL,L,33,6,14,0.429,0,3,0.0,0,0,,1,4,5,3,1,0,3,5,12,-23,22.5,1
42026,1630462,Aari McDonald,1611661324,MIN,Minnesota Lynx,1042600101,2026-09-27,MIN vs. NYL,L,2,0,0,,0,0,,0,0,,1,0,1,1,0,0,1,1,0,3,1.7,1
42026,1630471,Maya Caldwell,1611661324,MIN,Minnesota Lynx,1042600101,2026-09-27,MIN vs. NYL,L,12,0,0,,0,0,,0,0,,1,0,1,1,1,0,0,2,0,-1,5.7,1
42026,1631064,Chloe Bibby,1611661324,MIN,Minnesota Lynx,1042600101,2026-09-27,MIN vs. NYL,L,2,2,4,0.5,1,3,0.333,0,0,,0,0,0,0,0,0,0,0,5,1,5.0,1
42026,1641657,Dorka Juhasz,1611661324,MIN,Minnesota Lynx,1042600101,2026-09-27,MIN vs. NYL,L,8,0,1,0.0,0,1,0.0,0,0,,0,0,0,1,1,0,0,0,0,8,4.5,1
42026,1643426,Olivia Miles,1611661324,MIN,Minnesota Lynx,1042600101,2026-09-27,MIN vs. NYL,L,30,3,12,0.25,1,4,0.25,4,4,1.0,0,8,8,1,0,1,4,4,11,-16,21.1,1
42026,1643489,Antonia Delaere,1611661324,MIN,Minnesota Lynx,1042600101,2026-09-27,MIN vs. NYL,L,2,0,0,,0,0,,0,0,,0,0,0,0,0,0,0,0,0,1,0.0,1
42026,203833,Chelsea Gray,1611661319,LVA,Las Vegas Aces,1042600121,2026-09-27,LVA vs. IND,W,34,4,8,0.5,0,1,0.0,6,7,0.857,0,5,5,8,1,0,5,2,14,27,,0
42026,203855,Stephanie Talbot,1611661319,LVA,Las Vegas Aces,1042600121,2026-09-27,LVA vs. IND,W,28,2,8,0.25,1,2,0.5,3,4,0.75,1,1,2,3,0,1,0,2,8,5,,0
42026,204319,Jewell Loyd,1611661319,LVA,Las Vegas Aces,1042600121,2026-09-27,LVA vs. IND,W,28,4,6,0.667,2,3,0.667,0,0,0.0,0,2,2,0,1,0,1,0,10,12,,0
42026,204323,Cheyenne Parker-Tyus,1611661319,LVA,Las Vegas Aces,1042600121,2026-09-27,LVA vs. IND,W,15,3,3,1.0,1,1,1.0,0,0,0.0,0,2,2,1,1,1,0,3,7,6,,0
42026,1628932,A'ja Wilson,1611661319,LVA,Las Vegas Aces,1042600121,2026-09-27,LVA vs. IND,W,35,15,19,0.789,2,2,1.0,6,7,0.857,4,12,16,2,2,4,3,3,38,29,,0
42026,1629480,Kalani Brown,1611661319,LVA,Las Vegas Aces,1042600121,2026-09-27,LVA vs. IND,W,1,0,0,0.0,0,0,0.0,0,0,0.0,0,0,0,0,0,0,0,0,0,-2,,0
42026,1629488,Brianna Turner,1611661319,LVA,Las Vegas Aces,1042600121,2026-09-27,LVA vs. IND,W,8,0,0,0.0,0,0,0.0,0,0,0.0,0,2,2,0,0,0,0,2,0,-2,,0
42026,1629498,Jackie Young,1611661319,LVA,Las Vegas Aces,1042600121,2026-09-27,LVA vs. IND,W,34,8,14,0.571,3,7,0.429,2,2,1.0,0,2,2,10,3,0,6,2,21,27,,0
42026,1631006,Kierstan Bell,1611661319,LVA,Las Vegas Aces,1042600121,2026-09-27,LVA vs. IND,W,2,0,0,0.0,0,0,0.0,0,0,0.0,0,0,0,0,0,0,0,1,0,-2,,0
42026,1642769,Mai Yamamoto,1611661319,LVA,Las Vegas Aces,1042600121,2026-09-27,LVA vs. IND,W,13,2,6,0.333,0,3,0.0,0,0,0.0,0,0,0,0,0,0,1,3,4,-13,,0
42026,1643495,Justine Pissott,1611661319,LVA,Las Vegas Aces,1042600121,2026-09-27,LVA vs. IND,W,1,0,0,0.0,0,0,0.0,0,0,0.0,0,0,0,0,0,0,0,0,0,-2,,0
42026,1628881,Monique Billings,1611661325,IND,Indiana Fever,1042600121,2026-09-27,IND @ LVA,L,12,2,2,1.0,0,0,0.0,0,0,0.0,2,1,3,0,2,0,2,1,4,-2,,0
42026,1628909,Kelsey Mitchell,1611661325,IND,Indiana Fever,1042600121,2026-09-27,IND @ LVA,L,30,4,16,0.25,1,6,0.167,3,3,1.0,0,0,0,3,1,0,3,3,12,-16,,0
42026,1628920,Mercedes Russell,1611661325,IND,Indiana Fever,1042600121,2026-09-27,IND @ LVA,L,4,0,0,0.0,0,0,0.0,0,0,0.0,0,1,1,1,0,0,0,1,0,1,,0
42026,1629482,Sophie Cunningham,1611661325,IND,Indiana Fever,1042600121,2026-09-27,IND @ LVA,L,29,3,6,0.5,3,6,0.5,4,4,1.0,0,1,1,0,1,0,1,2,13,-20,,0
42026,1631086,Lexie Hull,1611661325,IND,Indiana Fever,1042600121,2026-09-27,IND @ LVA,L,18,1,3,0.333,1,2,0.5,2,2,1.0,0,1,1,0,0,0,0,4,5,-5,,0
42026,1641648,Aliyah Boston,1611661325,IND,Indiana Fever,1042600121,2026-09-27,IND @ LVA,L,25,7,12,0.583,3,6,0.5,1,2,0.5,4,4,8,4,1,0,0,5,18,-1,,0
42026,1642286,Caitlin Clark,1611661325,IND,Indiana Fever,1042600121,2026-09-27,IND @ LVA,L,34,6,17,0.353,3,10,0.3,0,0,0.0,0,3,3,10,0,0,6,5,15,-18,,0
42026,1642815,Makayla Timpson,1611661325,IND,Indiana Fever,1042600121,2026-09-27,IND @ LVA,L,25,1,4,0.25,0,0,0.0,0,0,0.0,2,5,7,1,1,0,2,2,2,-26,,0
42026,1643433,Raven Johnson,1611661325,IND,Indiana Fever,1042600121,2026-09-27,IND @ LVA,L,22,6,7,0.857,1,1,1.0,1,1,1.0,0,0,0,1,2,0,2,2,14,0,,0
42026,1643453,Grace VanSlooten,1611661325,IND,Indiana Fever,1042600121,2026-09-27,IND @ LVA,L,2,0,0,0.0,0,0,0.0,2,2,1.0,0,0,0,0,0,0,0,0,2,2,,0
