snapshot_date,game_id,game_date,label,home,away,home_win_prob,home_spread
2026-09-26,1042600101,2026-09-27,First Round Game 1,MIN,NYL,0.6789,5.1
2026-09-26,1042600111,2026-09-27,First Round Game 1,GSV,DAL,0.694,5.6
2026-09-26,1042600121,2026-09-27,First Round Game 1,LVA,IND,0.5518,1.4
2026-09-26,1042600131,2026-09-27,First Round Game 1,ATL,WAS,0.6365,3.8
2026-09-26,1042600102,2026-09-29,First Round Game 2,NYL,MIN,0.436,-1.8
2026-09-26,1042600122,2026-09-29,First Round Game 2,IND,LVA,0.5703,1.9
2026-09-26,1042600112,2026-09-30,First Round Game 2,DAL,GSV,0.4188,-2.3
2026-09-26,1042600132,2026-09-30,First Round Game 2,WAS,ATL,0.4827,-0.5
2026-09-26,1042600103,2026-10-01,First Round Game 3,MIN,NYL,0.6789,5.1
2026-09-26,1042600123,2026-10-01,First Round Game 3,LVA,IND,0.5518,1.4
2026-09-26,1042600113,2026-10-02,First Round Game 3,GSV,DAL,0.694,5.6
2026-09-26,1042600133,2026-10-02,First Round Game 3,ATL,WAS,0.6365,3.8
2026-09-27,1042600111,2026-09-27,First Round Game 1,GSV,DAL,0.694,5.6
2026-09-27,1042600131,2026-09-27,First Round Game 1,ATL,WAS,0.6365,3.8
2026-09-27,1042600102,2026-09-29,First Round Game 2,NYL,MIN,0.5276,0.8
2026-09-27,1042600122,2026-09-29,First Round Game 2,IND,LVA,0.5157,0.4
2026-09-27,1042600112,2026-09-30,First Round Game 2,DAL,GSV,0.4188,-2.3
2026-09-27,1042600132,2026-09-30,First Round Game 2,WAS,ATL,0.4827,-0.5
2026-09-27,1042600103,2026-10-01,First Round Game 3,MIN,NYL,0.5941,2.6
2026-09-27,1042600123,2026-10-01,First Round Game 3,LVA,IND,0.6055,2.9
2026-09-27,1042600113,2026-10-02,First Round Game 3,GSV,DAL,0.694,5.6
2026-09-27,1042600133,2026-10-02,First Round Game 3,ATL,WAS,0.6365,3.8
2026-09-28,1042600102,2026-09-29,First Round Game 2,NYL,MIN,0.5276,0.8
2026-09-28,1042600122,2026-09-29,First Round Game 2,IND,LVA,0.5157,0.4
2026-09-28,1042600112,2026-09-30,First Round Game 2,DAL,GSV,0.3765,-3.5
2026-09-28,1042600132,2026-09-30,First Round Game 2,WAS,ATL,0.4438,-1.6
2026-09-28,1042600103,2026-10-01,First Round Game 3,MIN,NYL,0.5941,2.6
2026-09-28,1042600123,2026-10-01,First Round Game 3,LVA,IND,0.6055,2.9
2026-09-28,1042600113,2026-10-02,First Round Game 3,GSV,DAL,0.7302,6.7
2026-09-28,1042600133,2026-10-02,First Round Game 3,ATL,WAS,0.672,4.9
2026-09-30,1042600112,2026-09-30,First Round Game 2,DAL,GSV,0.3765,-3.5
2026-09-30,1042600132,2026-09-30,First Round Game 2,WAS,ATL,0.4438,-1.6
2026-09-30,1042600123,2026-10-01,First Round Game 3,LVA,IND,0.5637,1.8
2026-09-30,1042600113,2026-10-02,First Round Game 3,GSV,DAL,0.7302,6.7
2026-09-30,1042600133,2026-10-02,First Round Game 3,ATL,WAS,0.672,4.9
2026-10-01,1042600123,2026-10-01,First Round Game 3,LVA,IND,0.5637,1.8
2026-10-01,1042600113,2026-10-02,First Round Game 3,GSV,DAL,0.6869,5.4
2026-10-01,1042600201,2026-10-04,Semifinals Game 1,ATL,NYL,0.6457,4.1
2026-10-01,1042600202,2026-10-07,Semifinals Game 2,ATL,NYL,0.6457,4.1
2026-10-01,1042600203,2026-10-09,Semifinals Game 3,NYL,ATL,0.4728,-0.8
2026-10-01,1042600204,2026-10-11,Semifinals Game 4,NYL,ATL,0.4728,-0.8
2026-10-01,1042600205,2026-10-14,Semifinals Game 5,ATL,NYL,0.6457,4.1
