snapshot_date,through_date,games,team,seed,elo,wins,losses,projected_wins,projected_losses,playoffs,semifinals,finals,champion
2026-09-26,2026-09-24,330,GSV,2,1654.5,32,12,32.0,12.0,1.0,0.7149,0.4605,0.2743
2026-09-26,2026-09-24,330,MIN,1,1626.0,33,11,33.0,11.0,1.0,0.6952,0.3928,0.2061
2026-09-26,2026-09-24,330,ATL,4,1618.5,30,14,30.0,14.0,1.0,0.6313,0.3363,0.1681
2026-09-26,2026-09-24,330,LVA,3,1587.9,31,13,31.0,13.0,1.0,0.5179,0.2137,0.1026
2026-09-26,2026-09-24,330,IND,6,1594.4,28,16,28.0,16.0,1.0,0.4821,0.2056,0.0968
2026-09-26,2026-09-24,330,WAS,5,1563.8,28,16,28.0,16.0,1.0,0.3686,0.1579,0.0643
2026-09-26,2026-09-24,330,DAL,7,1554.9,27,17,27.0,17.0,1.0,0.2851,0.1202,0.0483
2026-09-26,2026-09-24,330,NYL,8,1538.6,26,18,26.0,18.0,1.0,0.3048,0.1129,0.0395
2026-09-26,2026-09-24,330,PDX,,1382.8,17,27,17.0,27.0,0.0,0.0,0.0,0.0
2026-09-26,2026-09-24,330,PHX,,1383.3,16,28,16.0,28.0,0.0,0.0,0.0,0.0
2026-09-26,2026-09-24,330,LAS,,1382.0,16,28,16.0,28.0,0.0,0.0,0.0,0.0
2026-09-26,2026-09-24,330,CHI,,1345.3,16,28,16.0,28.0,0.0,0.0,0.0,0.0
2026-09-26,2026-09-24,330,CON,,1291.7,11,33,11.0,33.0,0.0,0.0,0.0,0.0
2026-09-26,2026-09-24,330,TOR,,1203.0,11,33,11.0,33.0,0.0,0.0,0.0,0.0
2026-09-26,2026-09-24,330,SEA,,1273.5,8,36,8.0,36.0,0.0,0.0,0.0,0.0
2026-09-27,2026-09-27,332,GSV,2,1654.5,32,12,32.0,12.0,1.0,0.7165,0.4566,0.2925
2026-09-27,2026-09-27,332,ATL,4,1618.5,30,14,30.0,14.0,1.0,0.6344,0.3902,0.1868
2026-09-27,2026-09-27,332,LVA,3,1607.1,31,13,31.0,13.0,1.0,0.7786,0.334,0.1784
2026-09-27,2026-09-27,332,NYL,8,1570.5,26,18,26.0,18.0,1.0,0.6963,0.2695,0.0994
2026-09-27,2026-09-27,332,MIN,1,1594.0,33,11,33.0,11.0,1.0,0.3038,0.1568,0.0742
2026-09-27,2026-09-27,332,WAS,5,1563.8,28,16,28.0,16.0,1.0,0.3656,0.1835,0.072
2026-09-27,2026-09-27,332,DAL,7,1554.9,27,17,27.0,17.0,1.0,0.2835,0.1208,0.0545
2026-09-27,2026-09-27,332,IND,6,1575.3,28,16,28.0,16.0,1.0,0.2214,0.0886,0.042
2026-09-27,2026-09-27,332,PDX,,1382.8,17,27,17.0,27.0,0.0,0.0,0.0,0.0
2026-09-27,2026-09-27,332,PHX,,1383.3,16,28,16.0,28.0,0.0,0.0,0.0,0.0
2026-09-27,2026-09-27,332,LAS,,1382.0,16,28,16.0,28.0,0.0,0.0,0.0,0.0
2026-09-27,2026-09-27,332,CHI,,1345.3,16,28,16.0,28.0,0.0,0.0,0.0,0.0
2026-09-27,2026-09-27,332,CON,,1291.7,11,33,11.0,33.0,0.0,0.0,0.0,0.0
2026-09-27,2026-09-27,332,TOR,,1203.0,11,33,11.0,33.0,0.0,0.0,0.0,0.0
2026-09-27,2026-09-27,332,SEA,,1273.5,8,36,8.0,36.0,0.0,0.0,0.0,0.0
2026-09-28,2026-09-27,334,GSV,2,1669.8,32,12,32.0,12.0,1.0,0.8823,0.5824,0.3726
2026-09-28,2026-09-27,334,ATL,4,1632.1,30,14,30.0,14.0,1.0,0.8316,0.5043,0.2297
2026-09-28,2026-09-27,334,LVA,3,1607.1,31,13,31.0,13.0,1.0,0.7803,0.292,0.1516
2026-09-28,2026-09-27,334,NYL,8,1570.5,26,18,26.0,18.0,1.0,0.7018,0.2632,0.0903
2026-09-28,2026-09-27,334,MIN,1,1594.0,33,11,33.0,11.0,1.0,0.2982,0.1503,0.0692
2026-09-28,2026-09-27,334,IND,6,1575.3,28,16,28.0,16.0,1.0,0.2197,0.0796,0.0392
2026-09-28,2026-09-27,334,WAS,5,1550.2,28,16,28.0,16.0,1.0,0.1684,0.0822,0.0286
2026-09-28,2026-09-27,334,DAL,7,1539.5,27,17,27.0,17.0,1.0,0.1177,0.046,0.0188
2026-09-28,2026-09-27,334,PDX,,1382.8,17,27,17.0,27.0,0.0,0.0,0.0,0.0
2026-09-28,2026-09-27,334,PHX,,1383.3,16,28,16.0,28.0,0.0,0.0,0.0,0.0
2026-09-28,2026-09-27,334,LAS,,1382.0,16,28,16.0,28.0,0.0,0.0,0.0,0.0
2026-09-28,2026-09-27,334,CHI,,1345.3,16,28,16.0,28.0,0.0,0.0,0.0,0.0
2026-09-28,2026-09-27,334,CON,,1291.7,11,33,11.0,33.0,0.0,0.0,0.0,0.0
2026-09-28,2026-09-27,334,TOR,,1203.0,11,33,11.0,33.0,0.0,0.0,0.0,0.0
2026-09-28,2026-09-27,334,SEA,,1273.5,8,36,8.0,36.0,0.0,0.0,0.0,0.0
